<root><ParameterInfo Address="45791"><Remark>錯誤碼，該參數不同的值對應不同的報警，具體報警的錯誤碼詳見手冊中報警與處理章節。</Remark></ParameterInfo><ParameterInfo Address="45793"><Remark>控制字，設定控制從站(伺服驅動器)的命令、PDS 狀態遷移等。
bit	名稱	              描述
0	可以開啟伺服運行	1-有效，0-無效
1	接通主回路電	1-有效，0-無效
2	快速停機           	0-有效，1-無效
3	伺服運行	              1-有效，0-無效
4-6	運行模式相關	與各伺服運行模式相關
7	故障複位	              對於可複位的報警，執行複位功能Bit7 上升沿有效，bit7保持為1，其他指令均無效
8	暫停	             各模式下的暫停方式請查看對象字典605Dh
9	無定義	             未定義
10	保留	             未定義
11-15	保留	             未定義
</Remark></ParameterInfo><ParameterInfo Address="45795"><Remark>狀態字，確認伺服的狀態
Bit	名稱	              描述
0	伺服準備好	1-有效，0-無效
1	可以開啟伺服運行	1-有效，0-無效
2	伺服運行	             1-有效，0-無效
3	故障	              1-有效，0-無效
4	主回路電接通	1-有效，0-無效
5	快速停機          	0-有效，1-無效
6	伺服不可運行	1-有效，0-無效
7	警告	             1-有效，0-無效
8	廠商自定義	
9	遠程控制	             1-有效，控制字生效0-無效
10	目標到達	             1-有效，0-無效
11	內部限制有效	1-有效，0-無效
12-13	運行模式相關	與各伺服運行模式相關
14	廠商自定義	
15	廠商自定義	

確認從站（伺服驅動器）的狀態</Remark></ParameterInfo><ParameterInfo Address="45797"><Remark>當輸入快速停止命令時，設置電機的停止動作
PP, CSP, CSV, PV:
0：通過 PA5.06 選擇電機停止後，switch on disable 狀態，斷使能
1：通過 6084 電機減速停止後，switch on disable 狀態，斷使能
2：通過 6085 電機減速停止後，switch on disable 狀態，斷使能
3：通過 60C6 電機減速停止後，switch on disable 狀態，斷使能
5：通過 6084 電機減速停止後，quick stop 狀態
6：通過 6085 電機減速停止後，quick stop 狀態
7：通過 60C6 電機減速停止後，quick stop 狀態
HM:
0：通過 PA5.06 選擇電機停止後，switch on disable 狀態，斷使能
1：通過 609A 電機減速停止後，switch on disable 狀態，斷使能
2：通過 6085 電機減速停止後，switch on disable 狀態，斷使能
3：通過 60C6 電機減速停止後，switch on disable 狀態，斷使能
5：通過 609A 電機減速停止後，quick stop 狀態
6：通過 6085 電機減速停止後，quick stop 狀態
7：通過 60C6 電機減速停止後，quick stop 狀態 
CST,PT
0：通過 PA5.06 選擇電機停止後，switch on disable 狀態，斷使能
1/2：通過 6087 電機減速停止後，switch on disable 狀態，斷使能
3：通過 0 轉矩電機減速停止後，switch on disable 狀態，斷使能
5/6：通過 6087 電機減速停止後，quick stop 狀態 
7：通過 0 轉矩電機減速停止後，quick stop 狀態</Remark></ParameterInfo><ParameterInfo Address="45799"><Remark>pp, csp, csv, pv:
0：通過 PA5.06 選擇電機停止，5.06=0是急停，5.06=1是自由停
1：通過 6084 電機減速停止
hm:
0：通過 PA5.06 選擇電機停止，5.06=0是急停，5.06=1是自由停
1：通過 609A 電機減速停止
cst，pt:
0：通過 PA5.06 選擇電機停止，5.06=0是急停，5.06=1是自由停
1：通過 6087 電機減速停止</Remark></ParameterInfo><ParameterInfo Address="45801"><Remark>從伺服開啟到伺服關閉時，設置電機的停止方式
pp, csp, csv, pv
0：通過 PA5.06 選擇電機停止，5.06=0是急停，5.06=1是自由停
1：通過 6084 電機減速停止
hm
0：通過 PA5.06 選擇電機停止，5.06=0是急停，5.06=1是自由停
1：通過 609A 電機減速停止
cst，pt
0：通過 PA5.06 選擇電機停止，5.06=0是急停，5.06=1是自由停
1：通過 6087 電機減速停止</Remark></ParameterInfo><ParameterInfo Address="45803"><Remark>當控制字的暫停位被設置時，設定減速停機方式，也適用於切換模式時的減速方式設定。
pp, csp, csv, pv
1：通過 6084 電機減速停止後，operation enabled 狀態，使能
2：通過 6085 電機減速停止後，operation enabled 狀態，使能
3：通過 60C6 電機減速停止後，operation enabled 狀態，使能
hm
1：通過 609A 電機減速停止後，operation enabled 狀態，使能
2：通過 6085 電機減速停止後，operation enabled 狀態，使能
3：通過 60C6 電機減速停止後，operation enabled 狀態，使能
cst,pt
1/2：通過 6087 電機減速停止後，operation enabled 狀態，使能
3：通過 0 轉矩電機減速停止後，operation enabled 狀態，使能</Remark></ParameterInfo><ParameterInfo Address="45805"><Remark>伺服驅動器發生報警時，設定停機方式
當報警為 ERR 8xx 時：
pp,csp,pv,csv
0：通過報警屬性是否為急停選擇電機停止，fault 狀態，斷使能
1：通過 6084 電機減速停止後，fault 狀態，斷使能
2：通過 6085 電機減速停止後，fault 狀態，斷使能
Hm
0：通過報警屬性是否為急停選擇電機停止，fault 狀態，斷使能
1：通過 609A 電機減速停止後，fault 狀態，斷使能
2：通過 6085 電機減速停止後，fault 狀態，斷使能
Pt,cst
0/1：通過報警屬性是否為急停選擇電機停止後，fault 狀態，斷使能
2：通過 6087 電機減速停止後，fault 狀態，斷使能
當其他報警，即驅動側報警時：
通過報警屬性是否為急停選擇電機停止後，fault 狀態，斷使能</Remark></ParameterInfo><ParameterInfo Address="45807"><Remark>表示所請求的操作模式
數據	英文名稱	                                        簡稱	中文名稱
1	Profile position mode	              PP	協議位置模式
3	Profile velocity mode	              PV	協議速度模式
4	Profile Torque mode	              PT	協議轉矩模式
6	Homing mode	                           HM	原點模式
8	Cyclic synchronous position mode	CSP	迴圈同步位置模式
9	Cyclic synchronous velocity mode	CSV	迴圈同步速度模式
10	Cyclic synchronous torque mode	CST	迴圈同步轉矩模式
11	廠家保留</Remark></ParameterInfo><ParameterInfo Address="45809"><Remark>表示實際操作模式。
數據	英文名稱	                                        簡稱	中文名稱

1	Profile position mode	              PP	協議位置模式

3	Profile velocity mode	              PV	協議速度模式

4	Profile Torque mode	              PT	協議轉矩模式

6	Homing mode	                           HM	原點模式

8	Cyclic synchronous position mode	CSP	迴圈同步位置模式

9	Cyclic synchronous velocity mode	CSV	迴圈同步速度模式

10	Cyclic synchronous torque mode	CST	迴圈同步轉矩模式</Remark></ParameterInfo><ParameterInfo Address="45811"><Remark>反映伺服使能狀態下，已輸入的指令位置（指令單位）</Remark></ParameterInfo><ParameterInfo Address="45813"><Remark>反映電機絕對位置，編碼器單位</Remark></ParameterInfo><ParameterInfo Address="45815"><Remark>反映即時用戶絕對位置

6064h*齒輪比=6063h</Remark></ParameterInfo><ParameterInfo Address="45817"><Remark>設定位置請求值相對可接受的位置範圍。
當實際位置超過位置偏差窗口時， 產生位置偏差過大報警。</Remark></ParameterInfo><ParameterInfo Address="45819"><Remark>設定位置偏差檢測時間</Remark></ParameterInfo><ParameterInfo Address="45821"><Remark>設置達到目標位置的允許範圍。在該範圍內輸出定位完成</Remark></ParameterInfo><ParameterInfo Address="45823"><Remark>設置從到達位置窗口內後，直到輸出到INP 的時間。</Remark></ParameterInfo><ParameterInfo Address="45829"><Remark>反映用戶內部指令速度回饋值</Remark></ParameterInfo><ParameterInfo Address="45831"><Remark>反映用戶實際速度回饋值</Remark></ParameterInfo><ParameterInfo Address="45833"><Remark>設置為速度匹配的允許範圍</Remark></ParameterInfo><ParameterInfo Address="45835"><Remark>達到速度後，設定狀態字的 TargetReached 設置之前的時間（定時器）。</Remark></ParameterInfo><ParameterInfo Address="45837"><Remark>設置零速度的判定閾值</Remark></ParameterInfo><ParameterInfo Address="45839"><Remark>設置狀態字的零速度檢測取消為止的時間（定時器）。</Remark></ParameterInfo><ParameterInfo Address="45841"><Remark>設置協議力矩模式（PT）和迴圈力矩模式(CST)下的目標轉矩</Remark></ParameterInfo><ParameterInfo Address="45843"><Remark>設置伺服最大轉矩限制值，受電機最大轉矩限制

同時與廠家轉矩限制類參數比較，實際轉矩限制值取二者較小值。</Remark></ParameterInfo><ParameterInfo Address="45845"><Remark>設置伺服最大電流限制值</Remark></ParameterInfo><ParameterInfo Address="45847"><Remark>表示內部指令轉矩。</Remark></ParameterInfo><ParameterInfo Address="45849"><Remark>表示電機額定電流</Remark></ParameterInfo><ParameterInfo Address="45853"><Remark>顯示伺服實際轉矩回饋</Remark></ParameterInfo><ParameterInfo Address="45857"><Remark>顯示直流母線P、N兩端電壓</Remark></ParameterInfo><ParameterInfo Address="45859"><Remark>設置協議位置模式（PP）和迴圈位置模式(CSP)下的目標位置</Remark></ParameterInfo><ParameterInfo Address="45867"><Remark>設置原點回零下機械零點偏離電機原點的物理位置</Remark></ParameterInfo><ParameterInfo Address="45871"><Remark>回零完成後，以絕對位置，將計算的位置指令和實際位置，進行限制。該值為限制最小值</Remark></ParameterInfo><ParameterInfo Address="45873"><Remark>回零完成後，以絕對位置，將計算的位置指令和實際位置，進行限制。該值為限制最大值</Remark></ParameterInfo><ParameterInfo Address="45875"><Remark>設置指令的輸入極性。
模式	                               設定值
位置模式	PP/HM/CSP	    0：旋轉方向與位置指令一致
                                         128：旋轉方向與位置指令相反
		
速度模式	PV/CSV	                 0：旋轉方向與位置指令一致
                                          64：旋轉方向與位置指令相反
		
轉矩模式	PT/CST	              0：旋轉方向與位置指令一致
                                       32：旋轉方向與位置指令相反
		
所有模式		            0：旋轉方向與位置指令一致
                                   224：旋轉方向與位置指令相反</Remark></ParameterInfo><ParameterInfo Address="45877"><Remark>設定最大協議允許速度。與6080比較，受限於6080所設的最大速度。</Remark></ParameterInfo><ParameterInfo Address="45879"><Remark>設定電機最大允許速度。受限於實際電機的最大運行速度。</Remark></ParameterInfo><ParameterInfo Address="45881"><Remark>設定目標協議速度，受限於607F。</Remark></ParameterInfo><ParameterInfo Address="45885"><Remark>設定電機的加速度（PP/PV）</Remark></ParameterInfo><ParameterInfo Address="45887"><Remark>設定電機的減速度（PP/PV）</Remark></ParameterInfo><ParameterInfo Address="45889"><Remark>設定急停時的減速度</Remark></ParameterInfo><ParameterInfo Address="45893"><Remark>設置轉矩模式下的轉矩指令加速度（傾角），每秒鐘轉矩指令增量</Remark></ParameterInfo><ParameterInfo Address="45899"><Remark>電機編碼器解析度</Remark></ParameterInfo><ParameterInfo Address="45911"><Remark>設定電子齒輪比分子

若6092h_01(Feed constant)與608Fh(Position encoder resolution)不相等，則：
L7EC-S中的電子齒輪比如下：
電子齒輪比 = 編碼器解析度 / 6092h_01。
若6092h_01(Feed constant)與608Fh(Position encoder resolution)相等，則：
L7EC-S中的電子齒輪比如下：
電子齒輪比 = 6091_01 / 6091h_02。</Remark></ParameterInfo><ParameterInfo Address="45913"><Remark>設定電子齒輪比分母

若6092h_01(Feed constant)與608Fh(Position encoder resolution)不相等，則：
L7EC-S中的電子齒輪比如下：
電子齒輪比 = 編碼器解析度 / 6092h_01。
若6092h_01(Feed constant)與608Fh(Position encoder resolution)相等，則：
L7EC-S中的電子齒輪比如下：
電子齒輪比 = 6091_01 / 6091h_02。</Remark></ParameterInfo><ParameterInfo Address="45917"><Remark>設置電機每轉指令脈衝數

若6092h_01(Feed constant)與608Fh(Position encoder resolution)不相等，則：
L7EC-S中的電子齒輪比如下：
電子齒輪比 = 編碼器解析度 / 6092h_01。
若6092h_01(Feed constant)與608Fh(Position encoder resolution)相等，則：
L7EC-S中的電子齒輪比如下：
電子齒輪比 = 6091_01 / 6091h_02。</Remark></ParameterInfo><ParameterInfo Address="45921"><Remark>設置所使用的回零方式。
參數值	描述
-6	低速負向找原點，當轉矩到達後立即停止
-5	低速正向找原點，當轉矩到達後立即停止
-4	低速負向找原點，當轉矩到達後反向，當轉矩到達消失後立即停止
-3	低速正向找原點，當轉矩到達後反向，當轉矩到達消失後立即停止
-2	低速負向找原點，當轉矩到達後反向，當轉矩到達消失後的第一個Z信號時停止
-1	低速正向找原點，當轉矩到達後反向，當轉矩到達消失後的第一個Z信號時停止
1	負向回零，減速點為負向限位開關，原點為電機Z信號，遇到Z信號前必須先遇到負向限位下降沿
2	正向回零，減速點為正向限位開關，原點為電機Z信號，遇到Z信號前必須先遇到正向限位下降沿
3	正向回零，減速點為原點開關，原點為電機Z信號，遇到Z信號前必須先遇到原點開關同一側下降沿
4	正向回零，減速點為原點開關，原點為電機Z信號，遇到Z信號前必須先遇到原點開關同一側上升沿
5	反向回零，減速點為原點開關，原點為電機Z信號，遇到z信號前必須先遇到原點開關同一側下降沿
6	反向回零，減速點為原點開關，原點為電機Z信號，遇到Z信號前必須先遇到原點開關同一側上升沿
7	正向回零，減速點為原點開關，原點為電機Z信號，遇到Z信號前必須先遇到原點開關同一側下降沿
8	正向回零，減速點為原點開關，原點為電機Z信號，遇到Z信號前必須先遇到原點開關同一側上升沿
9	正向回零，減速點為原點開關，原點為電機Z信號，遇到Z信號前必須先遇到原點開關另一側上升沿
10	正向回零，減速點為原點開關，原點為電機Z信號，遇到Z信號前必須先遇到原點開關另一側下降沿
11	負向回零，減速點為原點開關，原點為電機z信號，遇到Z信號前必須先遇到原點開關同一側下降沿
12	負向回零，減速點為原點開關，原點為電機Z信號，遇到Z信號前必須先遇到原點開關同一側上升沿
13	負向回零，減速點為原點開關，原點為原點開關另一側電機Z信號，遇到Z信號前必須先遇到原點開關另一側上升沿
14	負向回零，減速點為原點開關，原點為原點開關另一側電機Z信號，遇到Z信號前必須先遇到原點開關另一側下降沿
15	
16	
17-32	1-14相似，但減速點與原點重合
33	反向回零，原點為電機Z信號
34	正向回零，原點為電機Z信號
35-37	以當前位置為原點</Remark></ParameterInfo><ParameterInfo Address="45925"><Remark>設置在回零操作中使用的高速（找原點信號）。</Remark></ParameterInfo><ParameterInfo Address="45927"><Remark>設置在回零操作中使用的低速（找Z信號）。</Remark></ParameterInfo><ParameterInfo Address="45929"><Remark>設定在回零模式中使用的加減速度大小。</Remark></ParameterInfo><ParameterInfo Address="45947"><Remark>設置CSP模式下的伺服位置指令偏置值（位置前饋）
607A與60B0的和，決定了伺服的目標位置
伺服目標位置=607A+60B0</Remark></ParameterInfo><ParameterInfo Address="45949"><Remark>對速度指令給與偏移。
可減小定位過程中的位置偏差，但在定位結束後，務必把偏移量設為0，否則偏移將導致
定位目標位置與位置回饋存在偏差。</Remark></ParameterInfo><ParameterInfo Address="45951"><Remark>對轉矩指令給與偏移或加算。</Remark></ParameterInfo><ParameterInfo Address="45953"><Remark>設置探針功能
Bit 位	描述	             說明
0	探針1使能	0--探針1不使能   1--探針1使能
1	探針1觸發模式	0--單次觸發，只在觸發信號第一次有效時觸發   1-連續觸發
2	探針1觸發信號選擇	0—探針1捕獲      1--Z信號
3	保留	
4	探針1上升沿使能	0--上升沿不鎖存  1--上升沿鎖存
5	探針1下降沿使能	0—下升沿不鎖存  1—下升沿鎖存
6-7	保留	
8	探針2使能	0--探針2不使能    1--探針2使能
9	探針2觸發模式	0--單次觸發，只在觸發信號第一次有效時觸發   1-連續觸發
10	探針2觸發信號選擇	0—探針2捕獲       1--Z信號
11	保留	
12	探針2上升沿使能	0--上升沿不鎖存    1--上升沿鎖存
13	探針2下降沿使能	0—下升沿不鎖存    1—下升沿鎖存
14-15	保留	</Remark></ParameterInfo><ParameterInfo Address="45955"><Remark>
表示探針功能的狀態。
Bit 位	描述	                  說明
0	探針1使能	     0--探針1不使能   1--探針1使能
1	探針1上升沿鎖存執行   0--上升沿鎖存未執行   1--上升沿鎖存已執行
2	探針1下降沿鎖存執行   0—下降沿鎖存未執行   1—下降沿鎖存已執行
3-7	NA	
8	探針2使能                  0--探針2不使能          1--探針2使能
9	探針2上升沿鎖存執行   0--上升沿鎖存未執行   1--上升沿鎖存已執行
10	探針2下降沿鎖存執行   0—下降沿鎖存未執行   1—下降沿鎖存已執行
11-15	NA	</Remark></ParameterInfo><ParameterInfo Address="45957"><Remark>顯示探針1信號的上升沿時刻，位置回饋（指令單位）。</Remark></ParameterInfo><ParameterInfo Address="45959"><Remark>顯示探針1信號的下降沿時刻，位置回饋（指令單位）。</Remark></ParameterInfo><ParameterInfo Address="45961"><Remark>顯示探針2信號的上升沿時刻，位置回饋（指令單位）。</Remark></ParameterInfo><ParameterInfo Address="45963"><Remark>顯示探針2信號的下降沿時刻，位置回饋（指令單位）。</Remark></ParameterInfo><ParameterInfo Address="45971"><Remark>設置最大加速度值。</Remark></ParameterInfo><ParameterInfo Address="45973"><Remark>設置最大減速度值。</Remark></ParameterInfo><ParameterInfo Address="45989"><Remark>表示探針1上升沿鎖存次數。</Remark></ParameterInfo><ParameterInfo Address="45991"><Remark>表示探針1下降沿鎖存次數。</Remark></ParameterInfo><ParameterInfo Address="45993"><Remark>表示探針2上升沿鎖存次數。</Remark></ParameterInfo><ParameterInfo Address="45995"><Remark>表示探針2下降沿鎖存次數。</Remark></ParameterInfo><ParameterInfo Address="46001"><Remark>設置伺服的正向最大轉矩限制值</Remark></ParameterInfo><ParameterInfo Address="46003"><Remark>設置伺服的負向最大轉矩限制值</Remark></ParameterInfo><ParameterInfo Address="46009"><Remark>顯示位置跟隨偏差。</Remark></ParameterInfo><ParameterInfo Address="46011"><Remark>表示內部指令速度(位置環輸出)。</Remark></ParameterInfo><ParameterInfo Address="46013"><Remark>表示驅動器的內部目標位置。</Remark></ParameterInfo><ParameterInfo Address="46015"><Remark>監視通用輸入的狀態。
60FDh對象為符合IEC61800-200標準的輸入IO狀態映射對象，60FDh對象的位是按功能定義的。
Bit31	Bit30	Bit29	Bit28	Bit27	Bit26	Bit25	Bit24
Z信號	保留	保留	保留	探針2	探針1	BRAKE	INP/V-COIN /TLC
Bit23	Bit22	Bit21	Bit20	Bit19	Bit18	Bit17	Bit16
E-STOP	保留	保留	保留	保留	保留	DI14	DI13
Bit15	Bit14	Bit13	Bit12	Bit11	Bit10	Bit9	Bit8
DI12	DI11	DI10	DI9	DI8	DI7	DI6	DI5
Bit7	Bit6	Bit5	Bit4	Bit3	Bit2	Bit1	Bit0
DI4	DI3	DI2	DI1	保留	HOME	POT	NOT</Remark></ParameterInfo><ParameterInfo Address="46019"><Remark>選擇外部輸出信號的輸出。
60FEh對象為符合IEC61800-200標準的輸出IO控制，60FEh對象的位是按功能定義的。
              位 
子索引	31~21	21	20	19	18	17	16	15~0
01h	保留	DO6有效	DO5有效	DO4有效	DO3有效	DO2有效	DO1有效	保留</Remark></ParameterInfo><ParameterInfo Address="46021"><Remark>設定外部輸出信號的輸出操作。
60FEh對象為符合IEC61800-200標準的輸出IO控制，60FEh對象的位是按功能定義的。
              位
子索引	31~21	21	20	19	18	17	16	15~0
02h	保留	DO6使能	DO5使能	DO4使能	DO3使能	DO2使能	DO1使能	保留</Remark></ParameterInfo><ParameterInfo Address="46023"><Remark>表示設置的目標速度。（受6080h限制）</Remark></ParameterInfo><ParameterInfo Address="46027"><Remark>表示伺服驅動器支持的控制模式。
6502h對象用於指示L7EC-S伺服系統當前軟體版本下支持的操作模式，其位定義如下。
位	31~10	9	8	7	6	5	4	3	2	1	0
模式	保留	CST	CSV	CSP	保留	HM	保留	PT	PV	保留	PP
數據	0	1	1	1	0	1	0	1	1	0	1</Remark></ParameterInfo></root>
