<root><ParameterInfo Address="1"><Remark>设定模型跟随带宽，亦称为模型跟随控制，用于位置环的控制，可以提高对指令的响应和有滤波作用，

加快定位时间和减小跟踪误差。尤其在中低刚性下，效果明显。主要用于调整MFC或者超级跟随带宽。

功能设置:

设定值	说明

0	关闭MFC模型跟随或超级跟随控制功能

【1】	自动调整整定带宽,此时PA0.00=PA1.01

2 ~ 9  	厂家保留，请勿设置

10~5000	手动设置整定带宽；皮带应用推荐设置30-100；</Remark></ParameterInfo><ParameterInfo Address="3"><Remark>设定使用的控制模式：

0~7: 保留

8: CANopen 模式    支持PP/PV/PT/HM</Remark></ParameterInfo><ParameterInfo Address="5"><Remark>设定增益调整的方式：
设定值	模式	                          说明
0x0	手动	                          实时自动调整功能无效。需手动进行增益调整，可修改各增益参数
0x1	标准	                          基本的模式，重视稳定性的模式，不使用增益切换。
0x2	定位	                          重视定位的模式，水平轴等无可变载荷时，摩擦力小的滚珠丝杆驱动等机器上使用。
0x10	手动模式下的大惯量	            30倍惯量以上，惯量比参数自适应，无需更改惯量值，只需更改刚性即可
0x11	标准模式下的大惯量	            30倍惯量以上，惯量比参数自适应，无需更改惯量值，只需更改刚性即可
0x12	定位模式下的大惯量	            30倍惯量以上，惯量比参数自适应，无需更改惯量值，只需更改刚性即可</Remark></ParameterInfo><ParameterInfo Address="7"><Remark>设定实时自动调整有效时的刚性等级，有0~31个等级。

设定值变高，则速度响应性变高，伺服刚性也提高，但变得容易产生振动。
请在确认动作的同时，将设定值由低值变更为高值。建议在电机停止时切换刚性，
确定生效后再进行下一动作，否则可能出现震动和噪音。</Remark></ParameterInfo><ParameterInfo Address="9"><Remark>设定第一惯量比，设定负载惯量与相应电机转动惯量的惯量比。
 
·请根据实际负载的情况设置惯量比，设置值与实际值越接近控制效果越好，
二者一致时电机的实际速度环响应频率与速度环增益设置值相当。
当惯量比设置值比实际值大时，速度环增益单位偏大，反之则偏小。</Remark></ParameterInfo><ParameterInfo Address="13"><Remark>设置对指令输入的极性，
设为0时极性不反转

设为1时极性反转
注意：电机的旋转方向也可通过对象字典607E设置，但PA0.06优先级高于对象字典607E。
即当PA0.06=0时，对象字典607E生效；当PA0.06=1时，对象字典607E无效</Remark></ParameterInfo><ParameterInfo Address="15"><Remark>设定探针信号极性
设定值	内容
0	探针1和探针2极性均反向
1	仅探针2极性反向
2	仅探针1极性反向
3	探针1和探针2极性均不反向
</Remark></ParameterInfo><ParameterInfo Address="17"><Remark>本参数用于设定电机每旋转一圈的指令脉冲数。
备注：设定电机的每转指令脉冲数也可通过对象字典608F、6091、6092去设置，
但PA0.08优先级最高</Remark></ParameterInfo><ParameterInfo Address="27"><Remark>设置电机输出第1转矩的限制值，单位为电机额定电流的百分比。
该值不能超过驱动器的最大输出电流。
同时与对象字典6072比较，实际转矩限制值取二者较小值。</Remark></ParameterInfo><ParameterInfo Address="29"><Remark>用于设置位置偏差过大告警阈值，请根据实际需要设置。
出厂设定为30，运行过程中位置偏差大于3圈会触发报警Er180。
若设置过小，会出现故障Er180（位置偏差过大异常检测）。</Remark></ParameterInfo><ParameterInfo Address="31"><Remark>设置绝对值编码器的类型和使用方式。
具体使用上，可按下列方法设置：
0：增量模式：将编码器作为总线增量式编码器使用，不具有位置断电记忆功能。对设备负载行程范围无限制要求。
1：多圈线性模式：开启多圈绝对值功能，具有位置断电记忆功能。
      用于设备负载行程范围固定，编码器多圈数据不会溢出的场合。
2：多圈旋转模式：开启多圈绝对值功能，具有位置断电记忆功能，多圈数据在0~(PA6.63+1)间来回循环；用于设备负载行程范围不受限制的场合。
3:  单圈绝对值模式。仅记忆编码器的单圈位置，且编码器单圈数据溢出即报警。需要设备负载行程极小。
5： 清除多圈报警。正常清除后自动变为原来的多圈模式，如果 3s 后 仍为 5，则根据 153 报警处理。
9： 多圈位置清零且复位多圈报警。正常清除后自动变为原来的多圈模式，如果3s后仍为9，则根据153报警处理。
      注意：机械归零后再用，且断使能下才响应清多圈数据！</Remark></ParameterInfo><ParameterInfo Address="33"><Remark>设定再生放电电阻阻值(请按实际设定)
PA0.16和PA0.17的值来确定泄放回路电流过大报警Er120的阀值。
当设定值大于实际再生电阻值，对比正确设定电阻值时，Er120报警会滞后发生。</Remark></ParameterInfo><ParameterInfo Address="35"><Remark>设置再生放电电阻的额定功率。内置再生放电电阻的阻值、功率与驱动器功率的关系见下表。
  型号	内置电阻阻值(Ω)	内置电阻功率(W)
L8EC-100	      100	                      50
L8EC-400	      100	                      50
L8EC-750	        50	                      75
L8EC-1000       50	                      75
PA0.16与PA0.17共同决定ER120（电阻泄放回路过载）报警的阈值。请根据实际值设置，否则可能出现误报警或损伤驱动器的情况。
注：若外置刹车电阻时，请根据具体外置电阻标示功率填入；</Remark></ParameterInfo><ParameterInfo Address="47"><Remark>EtherCAT模式下设置从站的站点号。</Remark></ParameterInfo><ParameterInfo Address="129"><Remark>伺服单元位置环的响应性由位置环增益决定。位置环增益的设定越高，则响应性越高，定位时间越短。
一般情况下，位置环增益设置不能超出机械系统的响应能力，且需要考虑与速度环增益的匹配性，否则将引起系统的不稳定，产生振动、异响、过冲等现象。
由于速度环响应是位置环响应的基础，速度环增益（PA1.01）设置的越高，相应位置环增益也可以设置的越高。
所以位置环增益设置的上限一般参考速度环增益的设置，具体建议设置范围为：
1.2≤PA1.00/PA1.01≤1.8。</Remark></ParameterInfo><ParameterInfo Address="49"><Remark>0：主站自动分配从站地址。
1：来源于参数PA0.23。</Remark></ParameterInfo><ParameterInfo Address="131"><Remark>决定速度环响应性。PA0.04 惯量比设定与实际惯量比相符时，速度环响应频率=PA1.01。
为加大位置环增益，提高伺服系统整体的响应性，须加大速度环增益值的设定。但如果设置过大则可能引起振动，请加以注意。</Remark></ParameterInfo><ParameterInfo Address="133"><Remark>设定速度环积分时间常数。在增益切换功能未生效时默认第1速度环积分时间常数生效。
为使对微小的输入也能响应，速度环中含有积分要素，该积分要素对于伺服系统来说为迟延要素。
设定值越小，停止时的偏差值越快接近于 0，但容易引起振动。设定过大时，会发生超调，或延长定位时间，使响应性变差。
设定为“10000”，则无积分效果。
建议按以下关系取值：
50000≤PA1.01xPA1.02≤150000
例如，在速度环增益PA1.01＝500(0.1HZ)，即50HZ时，
速度环积分时间常数应满足：100(0.1ms)≤PA1.02≤300(0.1ms)
</Remark></ParameterInfo><ParameterInfo Address="135"><Remark>设置速度检测滤波器，该滤波器为低通滤波器，可用来滤除速度反馈数据中引起系统不稳定的高频成分，
设置值越大截止频率越低即速度响应性下降，设置合适值可以降低电机运行噪音。
但如果设置过低会导致速度跟随无法满足要求，同时本参数设置需要考虑与速度环增益水平相匹配。</Remark></ParameterInfo><ParameterInfo Address="137"><Remark>设置转矩指令低通滤波器，在转矩指令加入一次延迟滤波时间常数，滤除指令中的高频分量。

常用于降低或消除电机运行时的一部分噪音或振动 ，但会降低电流环响应性，
导致速度环及位置环控制性能不能实现。即需要考虑本参数与速度环增益的匹配性。
一般建议1/PA1.04×100000≥PA1.01×10。
可能因伺服驱动而导致机器振动时，如果对转矩指令滤波时间参数进行调整，则有可能消除振动。
数值越小，越能进行响应性良好的控制，但受机器条件的制约。设定值过大，将导致电流环的响应降低。
当PA1.01设定较高时，若机械无发生共振，则适当调小PA1.04；当PA1.01设定较低时，若想降低电机运行噪音，则适当调大PA1.04。</Remark></ParameterInfo><ParameterInfo Address="149"><Remark>设定速度前馈增益，可改善整定较慢或者跟随误差大的现象。
常用于减少速度环响应不足导致的跟随误差大，整定慢等。设置过大可能导致过冲或运行中产生噪音增大等问题，
请根据机械实际情况谨慎使用。</Remark></ParameterInfo><ParameterInfo Address="151"><Remark>设定速度前馈低通滤波器，消除速度前馈指令中含的突变或高频成分。
一般在位置指令分辨率较低或电子齿轮比比较大时使用，使前馈变得更加平滑。
在速度前馈滤波器时间设定为某一定值时，通过逐步提高速度前馈增益，而逐渐加强前馈作用。
在固定速度下的位置偏差，由于速度前馈增益的值逐渐升高，位置偏差可变小。</Remark></ParameterInfo><ParameterInfo Address="153"><Remark>设定转矩前馈增益；将根据速度指令微分计算得出的转矩指令乘以本参数设置的比率，跳过“速度控制器”直接反馈加算至转矩指令输入中。
使用转矩前馈时，需正确设定惯量比。请将用机器各元素计算或惯量识别的惯量比设定到PA0.04「惯量比」。
提高转矩前馈增益，可将固定加减速时的位置偏差接近 0，所以，在没有扰动转矩的理想条件下，梯形速度模式驱动时，
可在整个动作区间将位置偏差大致接近于 0。实际上扰动转矩肯定存在，
所以，位置偏差不可能完全变为 0。</Remark></ParameterInfo><ParameterInfo Address="155"><Remark>设置转矩前馈滤波器时间常数，消除转矩前馈指令中含的突变或高频成分。一般在速度指令比较粗糙或编码器分辨率比较低或精度差时使用。
如果将转矩前馈滤波器的时间常数变大，则噪音变小，但加速度变化点的位置偏差变大。</Remark></ParameterInfo><ParameterInfo Address="159"><Remark>设定增益切换的触发条件。</Remark></ParameterInfo><ParameterInfo Address="161"><Remark>设定执行增益切换的阈值。
单位根据切换模式设置不同而异，切换条件为位置时，单位为编码器脉冲个数；速度则为RPM；转矩则为%。
请设定为等级≥磁滞</Remark></ParameterInfo><ParameterInfo Address="165"><Remark>设定执行增益切换的迟滞范围带。
一般用于消除增益切换条件不断在满足与不满足之间变化，而导致增益不断切换的不稳定状况。
结合PA1.17（控制切换等级）设置，单位与其保持一致。
等级＜磁滞的情况时，会在驱动器内部重新设定为磁滞＝等级</Remark></ParameterInfo><ParameterInfo Address="167"><Remark>设置增益切换过渡时间。
＜关于位置增益切换时间＞
位置控制时，为了缓和由于增益切换时的位置环增益急剧变化而带来的转矩变动及振动，
通过设定PA1.19『位置环增益切换时间』，可缓和位置增益变大的切换时的增益变化，并减少振动。</Remark></ParameterInfo><ParameterInfo Address="257"><Remark>设定适应滤波器推定共振频率的方式和推定后的动作。
设定值	内容
0	适应滤波器：无效	第3陷波滤波器关联参数保持现状。
1	适应滤波器：1个有效，单次有效，1个适应滤波器变为有效。第3陷波滤波器关联参数根据适应结果进行更新。更新后PA2.00自动回到0，停止自适应。
2	适应滤波器：1个有效，一直有效，1个适应滤波器变为有效。第3陷波滤波器关联参数根据适应结果一直进行更新。</Remark></ParameterInfo><ParameterInfo Address="259"><Remark>设定第1陷波滤波器中心频率。
本参数设定为“4000”时，陷波滤波器的功能为无效。</Remark></ParameterInfo><ParameterInfo Address="261"><Remark>设定第1共振控制陷波滤波器的陷波宽度。
设定较大时，则陷波宽度也变大。配合PA2.01及PA2.03一起使用，一般情况下请使用出厂设定值，
但在能有效抑制共振的前提下，本参数设置越小越能改善电流环响应性，可以支持更高的刚性设置。</Remark></ParameterInfo><ParameterInfo Address="263"><Remark>设定第1共振控制陷波滤波器的陷波深度。
设定值增大时陷波深度变浅，相位滞后变小。配合PA2.01及PA2.02一起使用，一般情况下使用出厂设定，
但在能有效抑制共振的前提下，本参数设置越大越能改善电流环响应性，可以支持更高的刚性设置。</Remark></ParameterInfo><ParameterInfo Address="265"><Remark>设定第2陷波滤波器中心频率。


本参数设定为“4000”时，陷波滤波器的功能为无效。</Remark></ParameterInfo><ParameterInfo Address="267"><Remark>设定第2共振控制陷波滤波器的陷波宽度。

设定变大时，则陷波宽度也变大。设定变大时，则陷波宽度也变大。配合PA2.04及PA2.06一起使用，一般情况下请使用出厂设定值，
但在能有效抑制共振的前提下，本参数设置越小越能改善电流环响应性，可以支持更高的刚性设置。</Remark></ParameterInfo><ParameterInfo Address="269"><Remark>设定第 1 共振控制陷波滤波器的陷波深度。

设定值增大时陷波深度变浅，相位滞后变小。配合PA2.04及PA2.05一起使用，一般情况下使用出厂设定，
但在能有效抑制共振的前提下，本参数设置越大越能改善电流环响应性，可以支持更高的刚性设置。</Remark></ParameterInfo><ParameterInfo Address="271"><Remark>设定第3共振控制陷波滤波器的中心频率。
本参数设定为“4000”时，陷波滤波器的功能为无效。
开启自适应功能后，设置无效。</Remark></ParameterInfo><ParameterInfo Address="273"><Remark>设定第3共振控制陷波滤波器的陷波宽度。

设定变大时，则陷波宽度也变大。配合PA2.07及PA2.09一起使用，一般情况下请使用出厂设定值，
但在能有效抑制共振的前提下，本参数设置越小越能改善电流环响应性，可以支持更高的刚性设置。
开启自适应功能后，设置无效。</Remark></ParameterInfo><ParameterInfo Address="275"><Remark>设定第3共振控制陷波滤波器的陷波深度。
设定值增大时陷波深度变浅，相位滞后变小。配合PA2.07及PA2.08一起使用，
一般情况下使用出厂设定，但在能有效抑制共振的前提下，本参数设置越大越能改善电流环响应性，可以支持更高的刚性设置。
开启自适应功能后，设置无效。</Remark></ParameterInfo><ParameterInfo Address="285"><Remark>设置第1减震频率，抑振末端晃动，请测量负载末端的振动频率后，以0.1[Hz]为单位进行设定。
设定值	说明
【0】	关闭低频抑制功能
10~2000	设置减震频率，以0.1Hz为单位进行设定

抑制负载末端的晃动。一般用于抑制电机停止时，因较高的减速度冲击引起的负载弹性末端的晃动。
对于频率在100Hz以内的晃动抑制效果明显。使用时将本参数设置为晃动的频率即可。
（晃动频率可以尝试使用我司伺服调试软件抓取运转波形进行分析获得）</Remark></ParameterInfo><ParameterInfo Address="289"><Remark>设置第二减震频率，抑振末端晃动，请测量负载末端的振动频率后，以0.1[Hz]为单位进行设定。
设定值	说明
【0】	关闭低频抑制功能
10~2000	设置减震频率，以0.1Hz为单位进行设定


抑制负载末端的晃动。一般用于抑制电机停止时，因较高的减速度冲击引起的负载弹性末端的晃动。
对于频率在100Hz以内的晃动抑制效果明显。使用时将本参数设置为晃动的频率即可。
（晃动频率可以尝试使用我司伺服调试软件抓取运转波形进行分析获得）</Remark></ParameterInfo><ParameterInfo Address="301"><Remark>·设定针对位置指令的 1 次延迟滤波器的时间常数。

·一般在指令比较粗糙或指令加速度过大，导致电机产生过冲或下冲时使用。
可以使指令突变变得平滑，减少对设备的冲击及消除抖动。需要注意的是本参数设置过大可能会拉长整定时间。
·从变更PA2.22「指令平滑滤波器」开始，直到应用于内部计算会发生延迟的情况，在此期间到了滤波切换等待时间时，
变更有被延后的可能。</Remark></ParameterInfo><ParameterInfo Address="303"><Remark>·设定针对位置指令的FIR滤波器的时间常数。

·针对目标速度Vc的方形波指令，滤波后为梯形波。

·针对目标速度Vc的梯形波指令，滤波后为S形。

· 一般在指令比较粗糙或无加加速度，导致加速度突变使电机产生过冲或下冲时使用，

可以使指令突变变得平滑，减少对设备的冲击及消除抖动。

需要注意的是本参数设置过大可能会拉长整定时间。

注意：
※1.请在指令停止，并持续时间达到滤波器等待时间后进行PA2.23「位置指令FIR滤波器」 的变更。滤波器等待切换时间为 （设定值×0.1 ms ＋ 0.25 ms）。

指令输入时变更PA2.23「位置指令 FIR滤波器」的情况下，无法立即应用变更内容，接下来的无指令状态下并持续时间达到滤波器等待时间后被更新。

※2.从变更PA2.23「位置指令FIR滤波器」开始，直到应用于内部计算会发生延迟的情况，在此期间到了＊1的切换时间时，变更有被延后的可能。</Remark></ParameterInfo><ParameterInfo Address="409"><Remark>设定针对速度指令加速时变化1000rpm所需时间。
本参数设置方法为将目标最大加速度换算为速度每变化1000rpm所花费的时间，单位为ms。
例：设为30时，即从0rpm加速到1000rpm的时间为30ms。
一般用于速度控制模式下，速度指令比较粗糙、加速度过大或者使用内部多段速度控制导致速度指令程阶梯状，引起加速度过大而引起电机运行不稳定时使用。

注意：速度模式下，6083和6084分别受限与PA3.12和PA3.13。</Remark></ParameterInfo><ParameterInfo Address="411"><Remark>设定针对速度指令减速时变化1000rpm所需时间。

本参数设置方法为将目标最大减速度换算为速度每变化1000rpm所花费的时间，单位为ms。

例：设为30时，即从1000rpm加速到0rpm的时间为30ms。

一般用于速度控制模式下，速度指令比较粗糙、加速度过大或者使用内部多段速度控制导致速度指令程阶梯状，引起加速度过大而引起电机运行不稳定时使用。



注意：速度模式下，6083和6084分别受限与PA3.12和PA3.13。</Remark></ParameterInfo><ParameterInfo Address="413"><Remark>设定针对速度指令输入的加减速处理的S字加减速时间。
设定针对PA3.12「加速时间设定」PA3.13「减速时间设定」所设定的加减速时间，
以加减速拐点为中心的时间幅度的S字部时间。
</Remark></ParameterInfo><ParameterInfo Address="417"><Remark>设定零速箝位等级
当在速度控制模式下的速度给定指令小于零速钳位等级设定时，
经过PA3.23设置的时间后，强制性地将速度指令置于0。</Remark></ParameterInfo><ParameterInfo Address="431"><Remark>设定速度模式下零速静止延迟时间。
防止速度模式下静止时位置在慢慢蠕动，速度到达PA3.16零速箝位以下经过PA3.23时间运动停止。
设0时，速度模式零速静止功能无效。</Remark></ParameterInfo><ParameterInfo Address="513"><Remark>设定 DI输入的功能分配。

设定值用16进制表示标准进行设定。

功能编号请参照下表。逻辑设定也包含在功能编号。

信号名称	              符号	      设定值

		                 常开	常闭

无效	             —	    00h	不可设定

正向驱动禁止输入	POT	    01h	81h

负向驱动禁止输入	NOT	    02h	82h

警报清除	             A-CLR	    04h	不可设定

强制报警输入	E-STOP	    14h	94h

回原点切换输入HOME-SWITCH   16h	96h

·请勿设定为上表之外的设定值。

·常开：输入ON(光耦导通)时有效     常闭：输入OFF(光耦断开)时有效

·相同功能不可分配到多个引脚。否则，将发生 Err210。

·设定为无效的控制输入引线，不影响动作。

·前面板为16进制表示，请注意。

·PA4.00~PA4.07对应DI1~DI8，将参数设置为全0时，可外接传感器信号，

主控直接读取60FD的bit4~bit11来获取DI1~DI8的真实状态。</Remark></ParameterInfo><ParameterInfo Address="515"><Remark>设定 DI输入的功能分配。

设定值用16进制表示标准进行设定。

功能编号请参照下表。逻辑设定也包含在功能编号。

信号名称	              符号	      设定值

		                 常开	常闭

无效	             —	    00h	不可设定

正向驱动禁止输入	POT	    01h	81h

负向驱动禁止输入	NOT	    02h	82h

警报清除	             A-CLR	    04h	不可设定

强制报警输入	E-STOP	    14h	94h

回原点切换输入HOME-SWITCH   16h	96h

·请勿设定为上表之外的设定值。

·常开：输入ON(光耦导通)时有效     常闭：输入OFF(光耦断开)时有效

·相同功能不可分配到多个引脚。否则，将发生 Err210。

·设定为无效的控制输入引线，不影响动作。

·前面板为16进制表示，请注意。

·PA4.00~PA4.07对应DI1~DI8，将参数设置为全0时，可外接传感器信号，

主控直接读取60FD的bit4~bit11来获取DI1~DI8的真实状态。</Remark></ParameterInfo><ParameterInfo Address="517"><Remark>设定 DI输入的功能分配。

设定值用16进制表示标准进行设定。

功能编号请参照下表。逻辑设定也包含在功能编号。

信号名称	              符号	      设定值

		                 常开	常闭

无效	             —	    00h	不可设定

正向驱动禁止输入	POT	    01h	81h

负向驱动禁止输入	NOT	    02h	82h

警报清除	             A-CLR	    04h	不可设定

强制报警输入	E-STOP	    14h	94h

回原点切换输入HOME-SWITCH   16h	96h

·请勿设定为上表之外的设定值。

·常开：输入ON(光耦导通)时有效     常闭：输入OFF(光耦断开)时有效

·相同功能不可分配到多个引脚。否则，将发生 Err210。

·设定为无效的控制输入引线，不影响动作。

·前面板为16进制表示，请注意。

·PA4.00~PA4.07对应DI1~DI8，将参数设置为全0时，可外接传感器信号，

主控直接读取60FD的bit4~bit11来获取DI1~DI8的真实状态。</Remark></ParameterInfo><ParameterInfo Address="519"><Remark>设定 DI输入的功能分配。

设定值用16进制表示标准进行设定。

功能编号请参照下表。逻辑设定也包含在功能编号。

信号名称	              符号	      设定值

		                 常开	常闭

无效	             —	    00h	不可设定

正向驱动禁止输入	POT	    01h	81h

负向驱动禁止输入	NOT	    02h	82h

警报清除	             A-CLR	    04h	不可设定

强制报警输入	E-STOP	    14h	94h

回原点切换输入HOME-SWITCH   16h	96h

·请勿设定为上表之外的设定值。

·常开：输入ON(光耦导通)时有效     常闭：输入OFF(光耦断开)时有效

·相同功能不可分配到多个引脚。否则，将发生 Err210。

·设定为无效的控制输入引线，不影响动作。

·前面板为16进制表示，请注意。

·PA4.00~PA4.07对应DI1~DI8，将参数设置为全0时，可外接传感器信号，

主控直接读取60FD的bit4~bit11来获取DI1~DI8的真实状态。</Remark></ParameterInfo><ParameterInfo Address="533"><Remark>设定DO输出的功能分配。
参数值用16进制表示标准进行设定。
机能编号请参照下表，逻辑设定也包含在功能编号。
信号名称	                 符号	     设定值         设定值
		                    常开	           常闭
主控控制输出	     —           全00h         不可设定
报警输出	                   AlM	        01h             81h
伺服准备输出	    S-RDY         02h	            82h
外部制动器解除信号   BRK-OFF        03h             83h
位置比较输出           CMP-OUT       14h              94h
·常开：低电平(晶体管导通)有效     常闭：高电平(晶体管断开)有效
·输出信号可将相同功能分配到多个引脚
·设定为无效的控制输入引线，保持输出晶体管断开(OFF)状态
·请勿设定为上表之外的设定值
·＊1 前面板为16进位表示，请注意。
·＊2 PA4.10~PA4.12分别对应DO1~DO3，将参数设置为全0时为主控控制输出，其中对象字典0x60FE子索引01的bit16~bit18分别对应DO1~DO3。</Remark></ParameterInfo><ParameterInfo Address="535"><Remark>设定DO输出的功能分配。
参数值用16进制表示标准进行设定。
机能编号请参照下表，逻辑设定也包含在功能编号。
信号名称	                 符号	     设定值         设定值
		                    常开	           常闭
主控控制输出	     —           全00h         不可设定
报警输出	                   AlM	        01h             81h
伺服准备输出	    S-RDY         02h	            82h
外部制动器解除信号   BRK-OFF        03h             83h
位置比较输出           CMP-OUT       14h              94h
·常开：低电平(晶体管导通)有效     常闭：高电平(晶体管断开)有效
·输出信号可将相同功能分配到多个引脚
·设定为无效的控制输入引线，保持输出晶体管断开(OFF)状态
·请勿设定为上表之外的设定值
·＊1 前面板为16进位表示，请注意。
·＊2 PA4.10~PA4.12分别对应DO1~DO3，将参数设置为全0时为主控控制输出，其中对象字典0x60FE子索引01的bit16~bit18分别对应DO1~DO3。</Remark></ParameterInfo><ParameterInfo Address="537"><Remark>设定DO输出的功能分配。
参数值用16进制表示标准进行设定。
机能编号请参照下表，逻辑设定也包含在功能编号。
信号名称	                 符号	     设定值         设定值
		                    常开	           常闭
主控控制输出	     —           全00h         不可设定
报警输出	                   AlM	        01h             81h
伺服准备输出	    S-RDY         02h	            82h
外部制动器解除信号   BRK-OFF        03h             83h
位置比较输出           CMP-OUT       14h              94h
·常开：低电平(晶体管导通)有效     常闭：高电平(晶体管断开)有效
·输出信号可将相同功能分配到多个引脚
·设定为无效的控制输入引线，保持输出晶体管断开(OFF)状态
·请勿设定为上表之外的设定值
·＊1 前面板为16进位表示，请注意。
·＊2 PA4.10~PA4.12分别对应DO1~DO3，将参数设置为全0时为主控控制输出，其中对象字典0x60FE子索引01的bit16~bit18分别对应DO1~DO3。</Remark></ParameterInfo><ParameterInfo Address="575"><Remark>设定定位完成信号（INP1）输出的位置偏差范围。
·位置偏差范围在这设定范围内，即可输出定位完成信号（INP1）。

·默认单位为万分之一圈（0.0001rev）。通过PA5.21位置设定单位
可以设置为指令单位（Pulse）、编码器单位(Pulse)</Remark></ParameterInfo><ParameterInfo Address="577"><Remark>设定定位完成信号（INP1）输出的输出条件。
设定值	定位结束信号的动作
0	位置偏差小于PA4.31「定位结束范围」时INP1输出信号有效。
1	无位置指令，且位置偏差小于PA4.31「定位结束范围」时INP1输出信号有效。
2	无位置指令，且零速度检出信号ZSP有效，并且位置偏差小于PA4.31「定位结束范围」时INP1输出信号有效。
3	无位置指令, 且位置偏差在小于PA4.31「定位结束范围」时经PA4.33「INP延时到位输出时间」的设定时间后INP1输出信号有效。在PA4.33「INP延时到位输出时间」的设定时间内持续保持OFF的状态。
4	从指令有-&gt;无的变化中，在PA4.33所设定的延迟时间经过后开始定位判断。无位置指令时，且位置偏差在PA4.31以下时ON。</Remark></ParameterInfo><ParameterInfo Address="579"><Remark>设定PA4.32「定位完成输出设置」=3时INP信号的延时到位输出时间。
设定值	                          定位完成信号的动作
0	     保持时间变为无限大，到接收下个位置指令为止，继续ON状态

1～15000	     在设定值（ms）保持OFF状态，经设定值（ms）后INP输出信号置于ON，
                   之后在ON状态中如果接收到位置指令，则变为OFF状态。</Remark></ParameterInfo><ParameterInfo Address="581"><Remark>用旋转速度（r/min）设置零速度检出信号（ZSP）的输出时序。
电机速度比本参数设置速度低时输出零速度检出信号（ZSP）。

·PA4.34的设定与电机旋转方向无关,正/负两个方向作用
·有5 [r/min]的迟滞
	</Remark></ParameterInfo><ParameterInfo Address="583"><Remark>设定速度一致输出（V-COIN）的检测输出时机。
如果速度指令与电机速度的差为本设定值以下，则输出速度一致（V-COIN）。
＊1 因为有10 r/min的磁滞，速度一致检测输出的实际检测幅度如下所示。
速度一致输出   OFF→ON时的时机（PA4.35-10）r/min.
                     ON→OFF时的时机（PA4.35+10）r/min.</Remark></ParameterInfo><ParameterInfo Address="585"><Remark>设定速度到达输出（AT-SPEED）的检测输出时机。
电机速度超过本设定值时，输出速度到达输出（AT-SPEED）。
检出有 10r/min 的迟滞。</Remark></ParameterInfo><ParameterInfo Address="587"><Remark>抱闸制动信号BRK置为OFF到电机掉电的等待时间。
设定抱闸信号BRK置为OFF到电机掉电的延时；主要用于防止伺服使能关闭时的“溜车”现象。
PA5.06=0时生效，使能信号SRV-ON关闭时，抱闸开始制动（延时根据PA4.39或PA6.14决定），
到经过PA4.37设置的延迟时间后，电机掉电，电机绕组电流关闭。</Remark></ParameterInfo><ParameterInfo Address="589"><Remark>设定上使能时等待抱闸完全解除的时间。
伺服使能的该时间内，电机保持当前位置但屏蔽指令输入。
用于给带抱闸的电机预留抱闸动作时间，使得抱闸完全解除。
主要用于防止抱闸未完全打开的情况下电机旋转，导致抱闸异常磨损或发生过载报警，无抱闸电机可
将本参数设置为0。
电机使能SRV-ON输入时，驱动器抱闸信号关闭，经过PA4.38所设置时间，电机开始响应脉冲运动。</Remark></ParameterInfo><ParameterInfo Address="591"><Remark>设定下使能时抱闸信号BRK置OFF（开始抱闸制动）时的电机转速阈值。
伺服使能关闭(SERV-OFF)时，当电机转速低于该设定值，输出抱闸制动信号(BRK-OFF)。
实际的BRK置OFF时机为PA6.14时间和电机转速降至PA4.39速度花费时间先到达的一方。
应用情形举例：
情形一：断使能后电机减速时间已达到PA6.14的设置时间，即使此时电机的转速还高于PA4.39设置的速度，驱动器抱闸信号BRK仍置OFF（开始抱闸制动）。
情形二：断使能后电机减速时间尚未达到PA6.14的设置时间，但此时电机的转速已经低于PA4.39设置的速度，驱动器抱闸信号BRK仍置OFF（开始抱闸制动）。</Remark></ParameterInfo><ParameterInfo Address="599"><Remark>选择在紧急情况下是否强制使伺服电机报警停机。
设定值	描述 
0	强制报警输入E-STOP有效时，伺服才强制报警停机。
1	强制报警输入E-STOP无效，伺服不强制停机,且不告警。</Remark></ParameterInfo><ParameterInfo Address="649"><Remark>设定驱动禁止输入（POT、NOT）输入的动作。
设定值	动作
【0】	POT→正方向驱动禁止，正限位有效（无报警输出）
              NOT→负方向驱动禁止，负限位有效（无报警输出）
1	POT、NOT无效，即正负限位无效
2	POT/NOT输入任意一方将会报警输出Er260「正/负超程输入有效」 ，此时正/负限位有效
回原点模式下，POT/NOT无效设置请设置对象字典5012-04的bit0=1。</Remark></ParameterInfo><ParameterInfo Address="653"><Remark>设定伺服断使能的停机方式和停止状态。
设定值	描述
0	伺服制动方式停机，停止后状态为动态制动状态；
1	自由停机方式停机，停止后状态为动态制动状态；
2	动态制动方式停机，停止后状态为动态制动状态；
3	伺服制动方式停机，停止后状态为自由状态；
4	自由停机方式停机，停止后状态为自由状态；
5	动态制动方式停机，停止后状态为自由状态。</Remark></ParameterInfo><ParameterInfo Address="659"><Remark>在主电源断路或低压状态持续时，设置检测断路所需的时间。</Remark></ParameterInfo><ParameterInfo Address="661"><Remark>设定伺服报警的停机方式和停止状态。
若报警为第2类故障类型，则设定值如下：
设定值	描述
0	伺服制动方式停机，停止后状态为动态制动状态；
1	自由停机方式停机，停止后状态为动态制动状态；
2	动态制动方式停机，停止后状态为动态制动状态；
3	伺服制动方式停机，停止后状态为自由状态；
4	自由停机方式停机，停止后状态为自由状态；
5	动态制动方式停机，停止后状态为自由状态。

若报警为第1类故障类型，则设定值如下：
设定值	描述
0	动态制动方式停机，停止后状态为动态制动状态；
1	动态制动方式停机，停止后状态为动态制动状态；
2	动态制动方式停机，停止后状态为动态制动状态；
3	动态制动方式停机，停止后状态为自由状态；
4	自由停机方式停机，停止后状态为自由状态；
5	动态制动方式停机，停止后状态为自由状态。</Remark></ParameterInfo><ParameterInfo Address="663"><Remark>设定伺服制动停机方式时的转矩限制值。
设定值为0时，使用通常工作时的转矩限制。
与最大转矩6072比较，实际转矩限制值取较小值。</Remark></ParameterInfo><ParameterInfo Address="665"><Remark>设置过载等级。设置值为0时，过载等级设置为115（%）。
通常使用时请设置为0。仅在降低过载等级使用时再设置等级。
本参数的设置值用电机额定值的115%来限制。</Remark></ParameterInfo><ParameterInfo Address="667"><Remark>如果电机速度超过本设定值则将发生 Er1A0「过速度保护」。
设置过速度等级。设置
值为0时，过速度等级设置为电机最高转数 ×1.2。</Remark></ParameterInfo><ParameterInfo Address="671"><Remark>I/O输入的数字滤波，过大的设置会引起控制延时</Remark></ParameterInfo><ParameterInfo Address="681"><Remark>选择位置偏差、定位结束范围等位置有关变量的单位：
设定值	单位
0	编码器单位
1	指令单位
2	10000脉冲/每圈
注意：
1、参数修改会引起位置显示清零，因此只能在停止时修改。
2、指令单位为上位机所发出的一个脉冲作为单位，其受电子齿轮比的影响。
3、编码器单位为编码器反馈的一个脉冲的单位，其与编码器分辨率有关。 </Remark></ParameterInfo><ParameterInfo Address="683"><Remark>设定转矩极限方式。
设定值	正转矩限制值	负转矩限制值
0	  PA0.13	                 PA0.13
1	  PA0.13	                 PA5.22
2	   60E0	                   60E1
3~6	厂家保留

与最大转矩6072比较，实际转矩限制值取较小值。</Remark></ParameterInfo><ParameterInfo Address="685"><Remark>设置电机输出转矩的第2限制值。
此外，参数值被适用电机的最大转矩所限制。

与最大转矩6072比较，实际转矩限制值取较小值。</Remark></ParameterInfo><ParameterInfo Address="697"><Remark>电源开通后初始状态时，选择前面板5段LED所显示的数据类型。
设定值	内容	            设定值	内容	                设定值	                  内容
0	位置指令偏差	15	过载率	                   30	         编码器通信异常次数
1	电机速度	             16	惯量比	                   31	              累积工作时间
2	位置指令速度	17	不旋转的原因	      32	            电机自动识别功能
3	速度控制指令	18	输入输出信号               33	                驱动器温度
                                                      变化次数显示	
4	实时反馈转矩	19	过流信号次数	       34	                   伺服状态
5	反馈脉冲总和	20	绝对式编码器数据	       35	                    内部使用
6	指令脉冲总和	21	单圈位置	                    36	                   同步周期
7	运动过程最大转矩	22	多圈位置	                    37	                  同步丢失次数
8	内部使用	              23	通信用轴地址	       38	                    同步类型
9	控制模式	              24	编码器位置偏差	       39	                   DC是否运行
10	输出输入信号状态	25	电机电角度	       40	                   加减速状态
11	内部使用	              26	电机机械角度	       41	                 OD索引子索引
12	错误原因及历史记录27	PN间电压                     42	              OD索引子索引的值
13	警告编号            	28	软件版本		
14	再生负载率	29	内部使用		</Remark></ParameterInfo><ParameterInfo Address="715"><Remark>设定转矩回零模式下，输出转矩达到限制值后转矩限制信号(TLC)的检出时间。
回零模式下，当电机输出转矩达到转矩限制值并且持续时间达到本参数设定值后，
输出转矩限制信号(TLC)。</Remark></ParameterInfo><ParameterInfo Address="719"><Remark>设定转矩回零时的转矩限制。
与最大转矩6072比较，实际转矩限制值取较小值。</Remark></ParameterInfo><ParameterInfo Address="721"><Remark>设置D41监控的对象字，索引（左4位）+子索引（右1位），
如监控0x6092-01，则设置PA5.40为0x60921。</Remark></ParameterInfo><ParameterInfo Address="771"><Remark>对编码器的零位漂移进行零位补偿。
避免零漂引起的异常。</Remark></ParameterInfo><ParameterInfo Address="777"><Remark>设定 JOG 试机（速度控制）时的指令速度。</Remark></ParameterInfo><ParameterInfo Address="779"><Remark>设定第3增益变为有效的时间。
不使用时，请设定为PA6.05=0，PA6.06=100。</Remark></ParameterInfo><ParameterInfo Address="781"><Remark>将第3增益用针对第1增益的倍率进行设定。
第3增益=第1增益*PA6.06/100。
使用方法：该功能仅在位置控制时有效，设定PA6.05为非0值时，第三增益功能开启，设定PA6.06来规定第三增益的值。
当第二增益向第一增益切换时，中间会经过第三增益的过渡，切换时间为PA1.19设定。</Remark></ParameterInfo><ParameterInfo Address="783"><Remark>对转矩指令进行前馈转矩叠加。</Remark></ParameterInfo><ParameterInfo Address="785"><Remark>直接对转矩指令进行前馈转矩叠加，
正负补偿方向是根据实际位置指令来定的，一般正向补正值，负向补负值。</Remark></ParameterInfo><ParameterInfo Address="787"><Remark>直接对转矩指令进行前馈转矩叠加，
正负补偿方向是根据实际位置指令来定的，一般正向补正值，负向补负值。</Remark></ParameterInfo><ParameterInfo Address="791"><Remark>设定驱动器电流环相关参数的有效值比率。</Remark></ParameterInfo><ParameterInfo Address="797"><Remark>设定报警断使能时或正常停机断使能时的伺服最大停止时间。
断使能时，经过PA6.14设置的停止时间后驱动器抱闸信号BRK置OFF（开始抱闸制动）。
实际的BRK置OFF时机为PA6.14时间和电机转速降至PA4.39速度花费时间先到达的一方。
应用情形举例：
情形一：断使能后电机减速时间已达到PA6.14的设置时间，即使此时电机的转速还高于PA4.39设置的速度，驱动器抱闸信号BRK仍置OFF（开始抱闸制动）。
情形二：断使能后电机减速时间尚未达到PA6.14的设置时间，但此时电机的转速已经低于PA4.39设置的速度，驱动器抱闸信号BRK仍置OFF（开始抱闸制动）。</Remark></ParameterInfo><ParameterInfo Address="809"><Remark>JOG运行（位置控制）：每次运行距离
注意：仅在老化模式时有效</Remark></ParameterInfo><ParameterInfo Address="811"><Remark>JOG运行（位置控制）：每次运行后等待时间</Remark></ParameterInfo><ParameterInfo Address="813"><Remark>JOG运行（位置控制）：循环次数</Remark></ParameterInfo><ParameterInfo Address="819"><Remark>JOG运行从0rpm到1000rpm之间的加减速时间</Remark></ParameterInfo><ParameterInfo Address="825"><Remark>0：默认稳定增益；不建议修改
x：单位：%，手动，与电机、负载和编码器有关</Remark></ParameterInfo><ParameterInfo Address="837"><Remark>用于设置EtherCAT数据帧错误报警检测窗口时间。</Remark></ParameterInfo><ParameterInfo Address="839"><Remark>用于设置EtherCAT数据帧错误报警检测窗口。</Remark></ParameterInfo><ParameterInfo Address="877"><Remark>与PA6.63配合使用，适用于PA0.15=2时的旋转模式，
反馈位置6064一圈脉冲数=(PA6.63/PA6.54)x电子齿轮比</Remark></ParameterInfo><ParameterInfo Address="881"><Remark>设定电机堵转报警力矩阈值
（转速在10rpm及以下时的力矩输出%大于阈值且保持该状态PA6.57所设时间，触发报警）
设0时，关闭电机堵转报警功能。
如果电机在10rpm以上达到该力矩阀值，则不会触发电机堵转报警Er102。</Remark></ParameterInfo><ParameterInfo Address="883"><Remark>设定电机堵转报警窗口时间；
即在电机被堵转阈值限制且以10RPM及以下转速运动时，如果保持该状态大于窗口时间时，
会报警ER102,如果保持时间没到达设定时间，则不会报警ER102</Remark></ParameterInfo><ParameterInfo Address="887"><Remark>用于设置原点模式到位阀值。</Remark></ParameterInfo><ParameterInfo Address="891"><Remark>Z信号高电平保持时间设置。
应用于：
1.60FD中的Z信号；
2.回零时的Z信号；
3.分频输出的Z相脉冲宽度，此时单位为0.1ms；
注意：以上三种情况使用时，须设置PA6.61时间≥0.2ms。</Remark></ParameterInfo><ParameterInfo Address="895"><Remark>应用于当PA0.15=2多圈旋转模式时，反馈位置会在0~（PA6.63+1）*编码器分辨率之间循环运行。</Remark></ParameterInfo><ParameterInfo Address="61" AnalyzeType="1"><Remark>设定编码器反馈来源：
设定值	                              说明
【0】	内部编码器反馈，位置反馈来源于伺服电机自带编码器
   1	外部编码器反馈，位置反馈来源于全闭环外部编码器，用于全闭环应用场合。</Remark></ParameterInfo><ParameterInfo Address="63" AnalyzeType="1"><Remark>设定外部编码器类型，目前除0外其他设定值暂保留。
=0：ABZ编码器
=1：保留
=2：保留
=3：保留</Remark></ParameterInfo><ParameterInfo Address="65" AnalyzeType="1"><Remark>设定外部编码器方向：
=0：默认方向
=1：反相</Remark></ParameterInfo><ParameterInfo Address="67" AnalyzeType="1"><Remark>用于设置混合偏差过大告警阈值，请根据实际需要设置。仅用于全闭环情况下的位置偏差过大。
出厂设定为16000，运行中混合位置偏差大于16000指令脉冲会触发报警Er191。
·PA0.33若设置过小，会容易出现故障Er191（混合位置偏差过大报警）。</Remark></ParameterInfo><ParameterInfo Address="69" AnalyzeType="1"><Remark>用于设置混合偏差清除条件:（仅全闭环情况）
设定值	说明
【0】	不自动清零
1~100	电机每旋转PA0.34设定圈数,全闭环混合误差将会自动清零。</Remark></ParameterInfo><ParameterInfo Address="71" AnalyzeType="1"><Remark>设定外部编码器分频设定的分子。 设定值=0 时以编码器分辨率作为分频分子作用。</Remark></ParameterInfo><ParameterInfo Address="73" AnalyzeType="1"><Remark>设定外部编码器分频设定的分母。
 PA0.35 设为 0 时，PA0.36 可设置电机旋转一圈外部编码器反馈脉冲数。</Remark></ParameterInfo><ParameterInfo Address="75" AnalyzeType="1"><Remark>设定电机旋转一圈时外部编码器反馈脉冲数：
设定值	电机旋转一圈时外部编码器反馈脉冲数
【0】	                    PA0.36
1~2^31	                    PA0.37
=0时：使用PA0.36作为电机旋转一圈时外部编码器反馈脉冲数。</Remark></ParameterInfo><ParameterInfo Address="77" AnalyzeType="1"><Remark>设定Z信号来源，bit0/bit1分别代表回零Z信号和探针Z信号来源，bit值=0时，该Z信号来源于电机Z信号,
=1时来源于外部编码器。不同设定值对应的关系如下：
设定值	Bit 1 （探针Z信号来源）	Bit 0 （回零Z信号来源）
【0】	电机Z信号            	                    电机Z信号
1	电机Z信号	                              外部编码器Z信号
2	外部编码器Z信号	                    电机Z信号
3	外部编码器Z信号	               外部编码器Z信号</Remark></ParameterInfo><ParameterInfo Address="1005" AnalyzeType="1"><Remark>设置外部光栅尺精度。</Remark></ParameterInfo><ParameterInfo Address="201" AnalyzeType="1"><Remark>设置ABZ编码器滤波时间。</Remark></ParameterInfo><ParameterInfo Address="23" AnalyzeType="1"><Remark>设置编码器每转输出脉冲数。（倍频前）</Remark></ParameterInfo><ParameterInfo Address="25" AnalyzeType="1"><Remark>设定编码器脉冲输出的逻辑。通过本参数可对B相脉冲逻辑取反。
0：B相逻辑不反转。正向运动时B相超前A相；反向运动时A相超前B相。
1：B相逻辑反转。正向运动时A相超前B相；反向运动时B相超前A相。</Remark></ParameterInfo><ParameterInfo Address="725" AnalyzeType="1"><Remark>设定分频输出Z信号的极性：
Bit位	bit设定值	                                        说明
Bit0	0=正极性	                     分频输出和位置比较Z极性设置
	1=负极性	
Bit1	0=正极性	       仅位置比较功能下有效，分频A相作位置比较输出时极性设置。
	1=负极性	
Bit2	0=正极性	       仅位置比较功能下有效，分频B相作位置比较输出时极性设置。
              1=负极性</Remark></ParameterInfo><ParameterInfo Address="727" AnalyzeType="1"><Remark>设置分频输出Z信号宽度：
=0:Z宽度与A/B的一个周期相等；
=其它值：在A/B一个周期宽度的基础上延迟相应设置值的长度；</Remark></ParameterInfo><ParameterInfo Address="729" AnalyzeType="1"><Remark>设定分频输出源：
0：以第一编码器(电机)反馈位置为源分频输出；
1：以第二编码器（外部编码器）反馈位置为源分频输出； 
2：保留
3：以脉冲输入指令位置同步输出；位置比较不可用该模式
4：禁止分频输出；</Remark></ParameterInfo><ParameterInfo Address="1281" AnalyzeType="1"><Remark>设置模拟量输出模式：
0：带符号输出，-10~10V
1：绝对值输出，0~10V
其他：保留</Remark></ParameterInfo><ParameterInfo Address="1291" AnalyzeType="1"><Remark>设置模拟量输出AO2输出模式：
0：带符号输出，-10~10V
1：绝对值输出，0~10V</Remark></ParameterInfo><ParameterInfo Address="1357" AnalyzeType="1"><Remark>参数设置为0时，默认为10，且当P05.70&gt;=P04.35时，将该值处理为P05.70=P04.35/2，即将滞环宽度缩小为速度一致幅度的一半
</Remark></ParameterInfo><ParameterInfo Address="1301" AnalyzeType="1"><Remark>设置跑马灯1信号选择：
0：无
1：负限位
2：电池电压低
3：过载
4：转矩限制
5：正限位
其他：保留</Remark></ParameterInfo><ParameterInfo Address="1305" AnalyzeType="1"><Remark>设置跑马灯3信号选择：

0：无

1：负限位

2：电池电压低

3：过载

4：转矩限制

5：正限位

其他：保留</Remark></ParameterInfo><ParameterInfo Address="1307" AnalyzeType="1"><Remark>设置跑马灯4信号选择：


0：无


1：负限位


2：电池电压低


3：过载


4：转矩限制


5：正限位


其他：保留</Remark></ParameterInfo><ParameterInfo Address="1309" AnalyzeType="1"><Remark>设置跑马灯5信号选择：


0：无


1：负限位


2：电池电压低


3：过载


4：转矩限制


5：正限位


其他：保留</Remark></ParameterInfo><ParameterInfo Address="357" AnalyzeType="1"><Remark>设置MFC类型：
设定值	说明
【0】	标准模型跟随
1	超级跟随
2	三惯量，待开发
3	轨迹跟踪，待开发</Remark></ParameterInfo><ParameterInfo Address="359" AnalyzeType="1"><Remark>补偿速度前馈。</Remark></ParameterInfo><ParameterInfo Address="361" AnalyzeType="1"><Remark>补偿转矩前馈。</Remark></ParameterInfo><ParameterInfo Address="363" AnalyzeType="1"><Remark>设置动摩擦补偿，用于补偿运动中的动摩擦力，对加减速的转矩控制更优。（仅MFC开启有效）
加减速情况时存在较大位置误差时，可调节动摩擦系数，使加减速时的误差为0.</Remark></ParameterInfo><ParameterInfo Address="367" AnalyzeType="1"><Remark>设置超调抑制，超调越大抑制越明显，但跟踪效果会受影响，超过100慎用。
</Remark></ParameterInfo><ParameterInfo Address="369" AnalyzeType="1"><Remark>设置一键整定模式：
Bit0-3：响应等级，0：中，1：低，2：高
Bit4-7：运动模式，0：定位，1：差补
Bit8-9：运行方向，0：往返，1：正向，2：反向
Bit10：屏蔽惯量失败报警
其他：保留</Remark></ParameterInfo><ParameterInfo Address="377" AnalyzeType="1"><Remark>设置一键整定速度限制，默认值为电机额定速度的50%。</Remark></ParameterInfo><ParameterInfo Address="1473" AnalyzeType="1"><Remark>设置编码器通信速率：
0：2.5M和5M自动切换，如支持5M，则按5M；
1：2.5M
2：5M</Remark></ParameterInfo><ParameterInfo Address="207" AnalyzeType="1"><Remark>设定特殊功能：
Bit	说明
0	保留
1	=1，试运行启动全闭环
2	=1，混合位置误差清除</Remark></ParameterInfo><ParameterInfo Address="365" AnalyzeType="1"><Remark>设置超调时间常数。</Remark></ParameterInfo><ParameterInfo Address="521" AnalyzeType="1"><Remark>设定 DI输入的功能分配。

设定值用16进制表示标准进行设定。

功能编号请参照下表。逻辑设定也包含在功能编号。

信号名称	              符号	      设定值

		                 常开	常闭

无效	             —	    00h	不可设定

正向驱动禁止输入	POT	    01h	81h

负向驱动禁止输入	NOT	    02h	82h

警报清除	             A-CLR	    04h	不可设定

强制报警输入	E-STOP	    14h	94h

回原点切换输入HOME-SWITCH   16h	96h

·请勿设定为上表之外的设定值。

·常开：输入ON(光耦导通)时有效     常闭：输入OFF(光耦断开)时有效

·相同功能不可分配到多个引脚。否则，将发生 Err210。

·设定为无效的控制输入引线，不影响动作。

·前面板为16进制表示，请注意。

·PA4.00~PA4.07对应DI1~DI8，将参数设置为全0时，可外接传感器信号，

主控直接读取60FD的bit4~bit11来获取DI1~DI8的真实状态。</Remark></ParameterInfo><ParameterInfo Address="523" AnalyzeType="1"><Remark>设定 DI输入的功能分配。

设定值用16进制表示标准进行设定。

功能编号请参照下表。逻辑设定也包含在功能编号。

信号名称	              符号	      设定值

		                 常开	常闭

无效	             —	    00h	不可设定

正向驱动禁止输入	POT	    01h	81h

负向驱动禁止输入	NOT	    02h	82h

警报清除	             A-CLR	    04h	不可设定

强制报警输入	E-STOP	    14h	94h

回原点切换输入HOME-SWITCH   16h	96h

·请勿设定为上表之外的设定值。

·常开：输入ON(光耦导通)时有效     常闭：输入OFF(光耦断开)时有效

·相同功能不可分配到多个引脚。否则，将发生 Err210。

·设定为无效的控制输入引线，不影响动作。

·前面板为16进制表示，请注意。

·PA4.00~PA4.07对应DI1~DI8，将参数设置为全0时，可外接传感器信号，

主控直接读取60FD的bit4~bit11来获取DI1~DI8的真实状态。</Remark></ParameterInfo><ParameterInfo Address="525" AnalyzeType="1"><Remark>设定 DI输入的功能分配。

设定值用16进制表示标准进行设定。

功能编号请参照下表。逻辑设定也包含在功能编号。

信号名称	              符号	      设定值

		                 常开	常闭

无效	             —	    00h	不可设定

正向驱动禁止输入	POT	    01h	81h

负向驱动禁止输入	NOT	    02h	82h

警报清除	             A-CLR	    04h	不可设定

强制报警输入	E-STOP	    14h	94h

回原点切换输入HOME-SWITCH   16h	96h

·请勿设定为上表之外的设定值。

·常开：输入ON(光耦导通)时有效     常闭：输入OFF(光耦断开)时有效

·相同功能不可分配到多个引脚。否则，将发生 Err210。

·设定为无效的控制输入引线，不影响动作。

·前面板为16进制表示，请注意。

·PA4.00~PA4.07对应DI1~DI8，将参数设置为全0时，可外接传感器信号，

主控直接读取60FD的bit4~bit11来获取DI1~DI8的真实状态。</Remark></ParameterInfo><ParameterInfo Address="527" AnalyzeType="1"><Remark>设定 DI输入的功能分配。

设定值用16进制表示标准进行设定。

功能编号请参照下表。逻辑设定也包含在功能编号。

信号名称	              符号	      设定值

		                 常开	常闭

无效	             —	    00h	不可设定

正向驱动禁止输入	POT	    01h	81h

负向驱动禁止输入	NOT	    02h	82h

警报清除	             A-CLR	    04h	不可设定

强制报警输入	E-STOP	    14h	94h

回原点切换输入HOME-SWITCH   16h	96h

·请勿设定为上表之外的设定值。

·常开：输入ON(光耦导通)时有效     常闭：输入OFF(光耦断开)时有效

·相同功能不可分配到多个引脚。否则，将发生 Err210。

·设定为无效的控制输入引线，不影响动作。

·前面板为16进制表示，请注意。

·PA4.00~PA4.07对应DI1~DI8，将参数设置为全0时，可外接传感器信号，

主控直接读取60FD的bit4~bit11来获取DI1~DI8的真实状态。</Remark></ParameterInfo><ParameterInfo Address="1237" AnalyzeType="1"><Remark>设定位置比较点1与位置比较2属性值：(bit0~15为位置比较点1属性)
bit	位置比较点1属性
0	=0，不进行正向穿越比较；=1正向穿越比较
1	=0，不进行反向穿越比较；=1反向穿越比较
2~5	保留
6	输出属性设置： =0：脉冲模式
               =1：翻转模式
7	DO1输出
8	DO2输出
9	DO3输出
10~12	保留
13	分频A相输出
14	分频B相输出
15	分频Z相输出

bit16~31为位置比较点2属性：
bit	位置比较点2属性
16	=0，不进行正向穿越比较；=1正向穿越比较
17	=0，不进行反向穿越比较；=1反向穿越比较
18~21	保留
22	输出属性设置： =0：脉冲模式
               =1：翻转模式
23	DO1输出
24	DO2输出
25	DO3输出
26~28	保留
29	分频A相输出
30	分频B相输出
31	分频Z相输出</Remark></ParameterInfo><ParameterInfo Address="1283" AnalyzeType="1"><Remark>设置AO1输出信号选择：

该参数主要分为bit0~bit15：信号源选择 ；bit16~bit31：扩展DO通道配置

Bit0~Bit15设定值	功能

0x0	无

0x1	电机转速（V/krpm）

0x2	位置指令速度（V/krpm）

0x3	内部位置指令速度（V/krpm）

0x4	转矩指令（0.03V/0.01）

0x5	位置指令偏差（mV/指令单位）

0x6	位置指令偏差（mV/编码器单位）

0x7	模拟量1（V/V）

0x8	模拟量2（V/V）

0x9	模拟量3（V/V）

0xA	扩展DO（0V/5V）

0xB	由参数PA4.67决定



bit16~bit31：扩展DO通道配置（仅上面配置为0xA可用）：

Bit16~Bit31设定值	功能

01h	报警输出

02h	伺服准备输出

03h	外部制动器解除信号

04h	定位完成

···	其余信号码可参考PA4.10的常用输出配置信号</Remark></ParameterInfo><ParameterInfo Address="1285" AnalyzeType="1"><Remark>设定AO1模拟量输出倍率，理论电压乘以倍率后得到实际电压输出。</Remark></ParameterInfo><ParameterInfo Address="1287" AnalyzeType="1"><Remark>当AO1设定为0xB时可用，AO1输出可由该参数给定模拟量AO1输出。单位为mV</Remark></ParameterInfo><ParameterInfo Address="1289" AnalyzeType="1"><Remark>设定AO1偏移量。</Remark></ParameterInfo><ParameterInfo Address="1293" AnalyzeType="1"><Remark>设置AO2输出信号选择：
该参数主要分为bit0~bit15：信号源选择 ；bit16~bit31：扩展DO通道配置
Bit0~Bit15设定值	功能
0x0	无
0x1	电机转速（V/krpm）
0x2	位置指令速度（V/krpm）
0x3	内部位置指令速度（V/krpm）
0x4	转矩指令（0.03V/0.01）
0x5	位置指令偏差（mV/指令单位）
0x6	位置指令偏差（mV/编码器单位）
0x7	模拟量1（V/V）
0x8	模拟量2（V/V）
0x9	模拟量3（V/V）
0xA	扩展DO（0V/5V）
0xB	由参数PA4.67决定

bit16~bit31：扩展DO通道配置（仅上面配置为0xA可用）：
Bit16~Bit31设定值	功能
01h	报警输出
02h	伺服准备输出
03h	外部制动器解除信号
04h	定位完成
···	其余信号码可参考PA4.10的常用输出配置信号</Remark></ParameterInfo><ParameterInfo Address="1295" AnalyzeType="1"><Remark>设定AO2模拟量输出倍率，理论电压乘以倍率后得到实际电压输出。</Remark></ParameterInfo><ParameterInfo Address="1297" AnalyzeType="1"><Remark>当AO2设定为0xB时可用，AO2输出可由该参数给定模拟量AO2输出。单位为mV</Remark></ParameterInfo><ParameterInfo Address="1299" AnalyzeType="1"><Remark>设定AO2偏移量。</Remark></ParameterInfo><ParameterInfo Address="1303" AnalyzeType="1"><Remark>设置跑马灯2信号选择：
0：无
1：负限位
2：电池电压低
3：过载
4：转矩限制
5：正限位
其他：保留</Remark></ParameterInfo></root>
