<?xml version="1.0" encoding="UTF-8" standalone="yes"?>
<root xmlns:xsi="http://www.w3.org/2001/XMLSchema-instance">
	<ParameterInfo Address="40961">
		<Remark>对 PR 控制模式进行设置，建议使用调试软件中的 PR 功能中的控制参数进行设置
bit位         功能
0           =0，CTRG上升沿触发
1           =1，软件限位有效
2           =1，上电回零
3           =1，绝对值记忆</Remark>
	</ParameterInfo>
	<ParameterInfo Address="40963">
		<Remark>固定为 16 段路径</Remark>
	</ParameterInfo>
	<ParameterInfo Address="40965">
		<Remark>对于 P08.02 的功能有分为读写 , 下面中的 P 代表第几段 PR 定位运动路径
写 0x01P，P 段定位
写 0x020，回零
写 0x021，当前位置手动设零。
写 0x040，急停
读 0x000P，表示定位完成，可接收新数据
读 0x01P、0x020、0x040 表示还未响应命令。
读 0x10P
读 0x200，表示指令完成等待定位</Remark>
	</ParameterInfo>
	<ParameterInfo Address="40975">
		<Remark>设定正软件限位的位置值，其为 32 进制值（调试软件）
在 485 通信时，仅读写低 16bit；高 16bit 的读写需要通过参数 P08.06 实现；</Remark>
	</ParameterInfo>
	<ParameterInfo Address="40979">
		<Remark>设定负软件限位的位置值，在 485 通信时，仅读写低 16bit；高 16bit 的读写需要通过读写参数 P08.08 实现；</Remark>
	</ParameterInfo>
	<ParameterInfo Address="40981">
		<Remark>对 PR 回零模式进行设置，建议使用调试软件中的 PR 功能中的控制参数进行设置。
bit位        说明
  0         （回零方向）：=0，反向； =1，正向              
  1         （回零后移动到指定位置）：=0，否； =1，是
  2-7       （回零模式）：0-限位回零；1-原点回零；2-单圈Z回零；3-力矩回零；8-立即回零
  8         （Z信号回零）：=1，带Z信号回零；=0，不带Z信号回零</Remark>
	</ParameterInfo>
	<ParameterInfo Address="40983">
		<Remark>/</Remark>
	</ParameterInfo>
	<ParameterInfo Address="40985">
		<Remark>零位位置值，在 485 通信时，仅读写低 16bit；高 16bit 的读写需要通过参数 P08.11 实现；</Remark>
	</ParameterInfo>
	<ParameterInfo Address="40989">
		<Remark>回零偏移位置值，在 485 通信时，仅读写低 16bit；高 16bit 的读写需要通过参数 P08.13 实现</Remark>
	</ParameterInfo>
	<ParameterInfo Address="40991">
		<Remark>设置 PR 回零模式的高速。</Remark>
	</ParameterInfo>
	<ParameterInfo Address="40993">
		<Remark>设置 PR 回零模式的低速。</Remark>
	</ParameterInfo>
	<ParameterInfo Address="40995">
		<Remark>设置 PR 回零模式的加速度，单位为 ms/krpm 即 0r/min 加速到 1000r/min 所需的时间。</Remark>
	</ParameterInfo>
	<ParameterInfo Address="40997">
		<Remark>设置 PR 回零模式的减速度，单位为 ms/krpm 即 1000r/min 减速到 0r/min 所需的时间</Remark>
	</ParameterInfo>
	<ParameterInfo Address="40999">
		<Remark>设置回零时回零力矩的保持时间。</Remark>
	</ParameterInfo>
	<ParameterInfo Address="41001">
		<Remark>设置回零力矩值。</Remark>
	</ParameterInfo>
	<ParameterInfo Address="41003">
		<Remark>设置回零超程告警阈值。</Remark>
	</ParameterInfo>
	<ParameterInfo Address="41005">
		<Remark>设置限位急停的减速度。</Remark>
	</ParameterInfo>
	<ParameterInfo Address="41007">
		<Remark>设置 STOP 急停的减速度。</Remark>
	</ParameterInfo>
	<ParameterInfo Address="41013">
		<Remark>设定值   功能
0        关闭 IO 电平组合触发 , 使用 IO 的 CTRG 信号边沿触发
1        开启 IO 电平组合触发，回零完成信号 HOME-OK 有效时生效。
2        开启 IO 电平组合触发，不需回零完成信号有效
IO组合触发通过ADD0~ADD3选择路径</Remark>
	</ParameterInfo>
	<ParameterInfo Address="41015">
		<Remark>设置 IO 组合滤波时间。</Remark>
	</ParameterInfo>
	<ParameterInfo Address="41019">
		<Remark> =0x100；回零有限位故障
 =0x101；回零未完成并急停；
 =0x102；回零超程报警；
 =0x20x；路径 x 有限位故障</Remark>
	</ParameterInfo>
	<ParameterInfo Address="41039">
		<Remark>设置 PR 模式的 JOG 速度。</Remark>
	</ParameterInfo>
	<ParameterInfo Address="41041">
		<Remark>设置 PR 模式的 JOG 加速度。</Remark>
	</ParameterInfo>
	<ParameterInfo Address="41043">
		<Remark>设置 PR 模式的 JOG 减速度。</Remark>
	</ParameterInfo>
	<ParameterInfo Address="41047">
		<Remark>PR 运动指令位置值，在 485 通信时，仅仅读写低 16bit；高 16bit 的读写需要通过参数 P08.42 实现；</Remark>
	</ParameterInfo>
	<ParameterInfo Address="41051">
		<Remark>电机反馈位置值，在 485 通信时，仅读写低 16bit；高 16bit 的读写需要通过参数 P08.44 实现；</Remark>
	</ParameterInfo>
	<ParameterInfo Address="41053">
		<Remark>输入 IO 状态，以 10 进制显示，如需判断哪位有效，需换算为二进制。</Remark>
	</ParameterInfo>
	<ParameterInfo Address="41055">
		<Remark>输出 IO 状态，以 10 进制显示，如需判断哪位有效，需换算为二进制。</Remark>
	</ParameterInfo>
	<ParameterInfo Address="41217">
		<Remark>建议使用调试软件中的 PR 功能中的控制参数进行设置。
bit位 14        8-13                6-7            5         4             0-3
定义  0-不跳转  0~15跳转到对应路径  0-绝对      0-不重叠  0-可以被插断   0-无动作
      1-跳转                        1-相对指令  1-重叠    1-不能被插断   1-位置定位
                                    2-相对电机                           2-速度运行
                                                                         3-回零
                                                                         4-急停</Remark>
	</ParameterInfo>
	<ParameterInfo Address="41221">
		<Remark>路径 0 的位置值，在 485 通信时，仅仅读写低 16bit；高 16bit 的读写需要通过参数 P09.01 实现</Remark>
	</ParameterInfo>
	<ParameterInfo Address="41223">
		<Remark>设置 PR 路径 0 的运行速度。</Remark>
	</ParameterInfo>
	<ParameterInfo Address="41225">
		<Remark>设置 PR 路径 0 的加速度。ms/krpm 即 0rpm 加速到 1000rpm 的时间。</Remark>
	</ParameterInfo>
	<ParameterInfo Address="41227">
		<Remark>设置 PR 路径 0 的减速度。ms/krpm 即 1000rpm 减速到 0rpm 的时间</Remark>
	</ParameterInfo>
	<ParameterInfo Address="41229">
		<Remark>设置 PR 路径 0 完成后到执行下一路径的间隔时间</Remark>
	</ParameterInfo>
	<ParameterInfo Address="41233">
		<Remark>建议使用调试软件中的 PR 功能中的控制参数进行设置。
bit位 14        8-13                6-7            5         4             0-3
定义  0-不跳转  0~15跳转到对应路径  0-绝对      0-不重叠  0-可以被插断   0-无动作
      1-跳转                        1-相对指令  1-重叠    1-不能被插断   1-位置定位
                                    2-相对电机                           2-速度运行
                                                                         3-回零
                                                                         4-急停</Remark>
	</ParameterInfo>
	<ParameterInfo Address="41237">
		<Remark>路径 1 的位置值，在 485 通信时，仅仅读写低 16bit；高 16bit 的读写需要通过参数 P09.09 实现；</Remark>
	</ParameterInfo>
	<ParameterInfo Address="41239">
		<Remark>设置 PR 路径 1 的运行速度。</Remark>
	</ParameterInfo>
	<ParameterInfo Address="41241">
		<Remark>设置 PR 路径 1 的加速度。ms/krpm 即 0rpm 加速到 1000rpm 的时间</Remark>
	</ParameterInfo>
	<ParameterInfo Address="41243">
		<Remark>设置 PR 路径 1 的减速度。ms/krpm 即 1000rpm 减速到 0rpm 的时间。</Remark>
	</ParameterInfo>
	<ParameterInfo Address="41245">
		<Remark>设置 PR 路径 1 完成后到执行下一路径的间隔时间</Remark>
	</ParameterInfo>
	<ParameterInfo Address="41249">
		<Remark>建议使用调试软件中的 PR 功能中的控制参数进行设置。
bit位 14        8-13                6-7            5         4             0-3
定义  0-不跳转  0~15跳转到对应路径  0-绝对      0-不重叠  0-可以被插断   0-无动作
      1-跳转                        1-相对指令  1-重叠    1-不能被插断   1-位置定位
                                    2-相对电机                           2-速度运行
                                                                         3-回零
                                                                         4-急停</Remark>
	</ParameterInfo>
	<ParameterInfo Address="41253">
		<Remark>路径 2 的位置值，在 485 通信时，仅仅读写低 16bit；高 16bit 的读写需要通过参数 P09.17 实现；</Remark>
	</ParameterInfo>
	<ParameterInfo Address="41255">
		<Remark>设置 PR 路径 2 的运行速度。</Remark>
	</ParameterInfo>
	<ParameterInfo Address="41257">
		<Remark>设置 PR 路径 2 的加速度。ms/krpm 即 0rpm 加速到 1000rpm 的时间</Remark>
	</ParameterInfo>
	<ParameterInfo Address="41259">
		<Remark>设置 PR 路径 2 的减速度。ms/krpm 即 1000rpm 减速到 0rpm 的时间。</Remark>
	</ParameterInfo>
	<ParameterInfo Address="41261">
		<Remark>设置 PR 路径 2 完成后到执行下一路径的间隔时间。</Remark>
	</ParameterInfo>
	<ParameterInfo Address="41265">
		<Remark>建议使用调试软件中的 PR 功能中的控制参数进行设置。
bit位 14        8-13                6-7            5         4             0-3
定义  0-不跳转  0~15跳转到对应路径  0-绝对      0-不重叠  0-可以被插断   0-无动作
      1-跳转                        1-相对指令  1-重叠    1-不能被插断   1-位置定位
                                    2-相对电机                           2-速度运行
                                                                         3-回零
                                                                         4-急停</Remark>
	</ParameterInfo>
	<ParameterInfo Address="41269">
		<Remark>路径 3 的位置值，在 485 通信时，仅仅读写低 16bit；高 16bit 的读写需要通过参数 P09.25 实现；</Remark>
	</ParameterInfo>
	<ParameterInfo Address="41271">
		<Remark>设置 PR 路径 3 的运行速度。</Remark>
	</ParameterInfo>
	<ParameterInfo Address="41273">
		<Remark>设置 PR 路径 3 的加速度。ms/krpm 即 0rpm 加速到 1000rpm 的时间</Remark>
	</ParameterInfo>
	<ParameterInfo Address="41275">
		<Remark>设置 PR 路径 3 的减速度。ms/krpm 即 1000rpm 减速到 0rpm 的时间。</Remark>
	</ParameterInfo>
	<ParameterInfo Address="41277">
		<Remark>设置 PR 路径 3 完成后到执行下一路径的间隔时间。</Remark>
	</ParameterInfo>
	<ParameterInfo Address="41281">
		<Remark>建议使用调试软件中的 PR 功能中的控制参数进行设置。
bit位 14        8-13                6-7            5         4             0-3
定义  0-不跳转  0~15跳转到对应路径  0-绝对      0-不重叠  0-可以被插断   0-无动作
      1-跳转                        1-相对指令  1-重叠    1-不能被插断   1-位置定位
                                    2-相对电机                           2-速度运行
                                                                         3-回零
                                                                         4-急停</Remark>
	</ParameterInfo>
	<ParameterInfo Address="41285">
		<Remark>路径 4 的位置值，在 485 通信时，仅仅读写低 16bit；高 16bit 的读写需要通过参数 P09.33 实现；</Remark>
	</ParameterInfo>
	<ParameterInfo Address="41287">
		<Remark>设置 PR 路径 4 的运行速度。</Remark>
	</ParameterInfo>
	<ParameterInfo Address="41289">
		<Remark>设置 PR 路径 4 的加速度。ms/krpm 即 0rpm 加速到 1000rpm 的时间</Remark>
	</ParameterInfo>
	<ParameterInfo Address="41291">
		<Remark>设置 PR 路径 4 的减速度。ms/krpm 即 1000rpm 减速到 0rpm 的时间。</Remark>
	</ParameterInfo>
	<ParameterInfo Address="41293">
		<Remark>设置 PR 路径 4 完成后到执行下一路径的间隔时间。</Remark>
	</ParameterInfo>
	<ParameterInfo Address="41297">
		<Remark>建议使用调试软件中的 PR 功能中的控制参数进行设置。
bit位 14        8-13                6-7            5         4             0-3
定义  0-不跳转  0~15跳转到对应路径  0-绝对      0-不重叠  0-可以被插断   0-无动作
      1-跳转                        1-相对指令  1-重叠    1-不能被插断   1-位置定位
                                    2-相对电机                           2-速度运行
                                                                         3-回零
                                                                         4-急停</Remark>
	</ParameterInfo>
	<ParameterInfo Address="41301">
		<Remark>路径 5 的位置值，在 485 通信时，仅仅读写低 16bit；高 16bit 的读写需要通过参数 P09.41 实现；</Remark>
	</ParameterInfo>
	<ParameterInfo Address="41303">
		<Remark>设置 PR 路径 5 的运行速度。</Remark>
	</ParameterInfo>
	<ParameterInfo Address="41305">
		<Remark>设置 PR 路径 5 的加速度。ms/krpm 即 0rpm 加速到 1000rpm 的时间</Remark>
	</ParameterInfo>
	<ParameterInfo Address="41307">
		<Remark>设置 PR 路径 5 的减速度。ms/krpm 即 1000rpm 减速到 0rpm 的时间。</Remark>
	</ParameterInfo>
	<ParameterInfo Address="41309">
		<Remark>设置 PR 路径 5 完成后到执行下一路径的间隔时间。</Remark>
	</ParameterInfo>
	<ParameterInfo Address="41313">
		<Remark>建议使用调试软件中的 PR 功能中的控制参数进行设置。
bit位 14        8-13                6-7            5         4             0-3
定义  0-不跳转  0~15跳转到对应路径  0-绝对      0-不重叠  0-可以被插断   0-无动作
      1-跳转                        1-相对指令  1-重叠    1-不能被插断   1-位置定位
                                    2-相对电机                           2-速度运行
                                                                         3-回零
                                                                         4-急停</Remark>
	</ParameterInfo>
	<ParameterInfo Address="41317">
		<Remark>路径 6 的位置值，在 485 通信时，仅仅读写低 16bit；高 16bit 的读写需要通过参数 P09.47 实现；</Remark>
	</ParameterInfo>
	<ParameterInfo Address="41319">
		<Remark>设置 PR 路径 6 的运行速度。</Remark>
	</ParameterInfo>
	<ParameterInfo Address="41321">
		<Remark>设置 PR 路径 6 的加速度。ms/krpm 即 0rpm 加速到 1000rpm 的时间</Remark>
	</ParameterInfo>
	<ParameterInfo Address="41323">
		<Remark>设置 PR 路径 6 的减速度。ms/krpm 即 1000rpm 减速到 0rpm 的时间。</Remark>
	</ParameterInfo>
	<ParameterInfo Address="41325">
		<Remark>设置 PR 路径 6 完成后到执行下一路径的间隔时间。</Remark>
	</ParameterInfo>
	<ParameterInfo Address="41329">
		<Remark>建议使用调试软件中的 PR 功能中的控制参数进行设置。
bit位 14        8-13                6-7            5         4             0-3
定义  0-不跳转  0~15跳转到对应路径  0-绝对      0-不重叠  0-可以被插断   0-无动作
      1-跳转                        1-相对指令  1-重叠    1-不能被插断   1-位置定位
                                    2-相对电机                           2-速度运行
                                                                         3-回零
                                                                         4-急停</Remark>
	</ParameterInfo>
	<ParameterInfo Address="41333">
		<Remark>路径 7 的位置值，在 485 通信时，仅仅读写低 16bit；高 16bit 的读写需要通过参数 P09.57实现；</Remark>
	</ParameterInfo>
	<ParameterInfo Address="41335">
		<Remark>设置 PR 路径 7 的运行速度。</Remark>
	</ParameterInfo>
	<ParameterInfo Address="41337">
		<Remark>设置 PR 路径 7 的加速度。ms/krpm 即 0rpm 加速到 1000rpm 的时间</Remark>
	</ParameterInfo>
	<ParameterInfo Address="41339">
		<Remark>设置 PR 路径 7 的减速度。ms/krpm 即 1000rpm 减速到 0rpm 的时间。</Remark>
	</ParameterInfo>
	<ParameterInfo Address="41341">
		<Remark>设置 PR 路径 7 完成后到执行下一路径的间隔时间。</Remark>
	</ParameterInfo>
	<ParameterInfo Address="41345">
		<Remark>建议使用调试软件中的 PR 功能中的控制参数进行设置。
bit位 14        8-13                6-7            5         4             0-3
定义  0-不跳转  0~15跳转到对应路径  0-绝对      0-不重叠  0-可以被插断   0-无动作
      1-跳转                        1-相对指令  1-重叠    1-不能被插断   1-位置定位
                                    2-相对电机                           2-速度运行
                                                                         3-回零
                                                                         4-急停</Remark>
	</ParameterInfo>
	<ParameterInfo Address="41349">
		<Remark>路径 8 的位置值，在 485 通信时，仅仅读写低 16bit；高 16bit 的读写需要通过参数 P09.65实现；</Remark>
	</ParameterInfo>
	<ParameterInfo Address="41351">
		<Remark>设置 PR 路径 8 的运行速度。</Remark>
	</ParameterInfo>
	<ParameterInfo Address="41353">
		<Remark>设置 PR 路径 8 的加速度。ms/krpm 即 0rpm 加速到 1000rpm 的时间</Remark>
	</ParameterInfo>
	<ParameterInfo Address="41355">
		<Remark>设置 PR 路径 8 的减速度。ms/krpm 即 1000rpm 减速到 0rpm 的时间。</Remark>
	</ParameterInfo>
	<ParameterInfo Address="41357">
		<Remark>设置 PR 路径 8 完成后到执行下一路径的间隔时间。</Remark>
	</ParameterInfo>
	<ParameterInfo Address="41361">
		<Remark>建议使用调试软件中的 PR 功能中的控制参数进行设置。
bit位 14        8-13                6-7            5         4             0-3
定义  0-不跳转  0~15跳转到对应路径  0-绝对      0-不重叠  0-可以被插断   0-无动作
      1-跳转                        1-相对指令  1-重叠    1-不能被插断   1-位置定位
                                    2-相对电机                           2-速度运行
                                                                         3-回零
                                                                         4-急停</Remark>
	</ParameterInfo>
	<ParameterInfo Address="41365">
		<Remark>路径 9 的位置值，在 485 通信时，仅仅读写低 16bit；高 16bit 的读写需要通过参数 P09.73实现；</Remark>
	</ParameterInfo>
	<ParameterInfo Address="41367">
		<Remark>设置 PR 路径 9 的运行速度。</Remark>
	</ParameterInfo>
	<ParameterInfo Address="41369">
		<Remark>设置 PR 路径 9 的加速度。ms/krpm 即 0rpm 加速到 1000rpm 的时间</Remark>
	</ParameterInfo>
	<ParameterInfo Address="41371">
		<Remark>设置 PR 路径 9 的减速度。ms/krpm 即 1000rpm 减速到 0rpm 的时间。</Remark>
	</ParameterInfo>
	<ParameterInfo Address="41373">
		<Remark>设置 PR 路径 9 完成后到执行下一路径的间隔时间。</Remark>
	</ParameterInfo>
	<ParameterInfo Address="41377">
		<Remark>建议使用调试软件中的 PR 功能中的控制参数进行设置。
bit位 14        8-13                6-7            5         4             0-3
定义  0-不跳转  0~15跳转到对应路径  0-绝对      0-不重叠  0-可以被插断   0-无动作
      1-跳转                        1-相对指令  1-重叠    1-不能被插断   1-位置定位
                                    2-相对电机                           2-速度运行
                                                                         3-回零
                                                                         4-急停</Remark>
	</ParameterInfo>
	<ParameterInfo Address="41381">
		<Remark>路径 10 的位置值，在 485 通信时，仅仅读写低 16bit；高 16bit 的读写需要通过参数 P09.81实现；</Remark>
	</ParameterInfo>
	<ParameterInfo Address="41383">
		<Remark>设置 PR 路径 10 的运行速度。</Remark>
	</ParameterInfo>
	<ParameterInfo Address="41385">
		<Remark>设置 PR 路径 10 的加速度。ms/krpm 即 0rpm 加速到 1000rpm 的时间</Remark>
	</ParameterInfo>
	<ParameterInfo Address="41387">
		<Remark>设置 PR 路径 10 的减速度。ms/krpm 即 1000rpm 减速到 0rpm 的时间。</Remark>
	</ParameterInfo>
	<ParameterInfo Address="41389">
		<Remark>设置 PR 路径 10 完成后到执行下一路径的间隔时间。</Remark>
	</ParameterInfo>
	<ParameterInfo Address="41393">
		<Remark>建议使用调试软件中的 PR 功能中的控制参数进行设置。
bit位 14        8-13                6-7            5         4             0-3
定义  0-不跳转  0~15跳转到对应路径  0-绝对      0-不重叠  0-可以被插断   0-无动作
      1-跳转                        1-相对指令  1-重叠    1-不能被插断   1-位置定位
                                    2-相对电机                           2-速度运行
                                                                         3-回零
                                                                         4-急停</Remark>
	</ParameterInfo>
	<ParameterInfo Address="41397">
		<Remark>路径 11 的位置值，在 485 通信时，仅仅读写低 16bit；高 16bit 的读写需要通过参数 P09.90实现；</Remark>
	</ParameterInfo>
	<ParameterInfo Address="41399">
		<Remark>设置 PR 路径 11 的运行速度。</Remark>
	</ParameterInfo>
	<ParameterInfo Address="41401">
		<Remark>设置 PR 路径 11 的加速度。ms/krpm 即 0rpm 加速到 1000rpm 的时间</Remark>
	</ParameterInfo>
	<ParameterInfo Address="41403">
		<Remark>设置 PR 路径 11 的减速度。ms/krpm 即 1000rpm 减速到 0rpm 的时间。</Remark>
	</ParameterInfo>
	<ParameterInfo Address="41405">
		<Remark>设置 PR 路径 11 完成后到执行下一路径的间隔时间。</Remark>
	</ParameterInfo>
	<ParameterInfo Address="41409">
		<Remark>建议使用调试软件中的 PR 功能中的控制参数进行设置。
bit位 14        8-13                6-7            5         4             0-3
定义  0-不跳转  0~15跳转到对应路径  0-绝对      0-不重叠  0-可以被插断   0-无动作
      1-跳转                        1-相对指令  1-重叠    1-不能被插断   1-位置定位
                                    2-相对电机                           2-速度运行
                                                                         3-回零
                                                                         4-急停</Remark>
	</ParameterInfo>
	<ParameterInfo Address="41413">
		<Remark>路径 12 的位置值，在 485 通信时，仅仅读写低 16bit；高 16bit 的读写需要通过参数 P09.97实现；</Remark>
	</ParameterInfo>
	<ParameterInfo Address="41415">
		<Remark>设置 PR 路径 12 的运行速度。</Remark>
	</ParameterInfo>
	<ParameterInfo Address="41417">
		<Remark>设置 PR 路径 12 的加速度。ms/krpm 即 0rpm 加速到 1000rpm 的时间</Remark>
	</ParameterInfo>
	<ParameterInfo Address="41419">
		<Remark>设置 PR 路径 12 的减速度。ms/krpm 即 1000rpm 减速到 0rpm 的时间。</Remark>
	</ParameterInfo>
	<ParameterInfo Address="41421">
		<Remark>设置 PR 路径 12 完成后到执行下一路径的间隔时间。</Remark>
	</ParameterInfo>
	<ParameterInfo Address="41425">
		<Remark>建议使用调试软件中的 PR 功能中的控制参数进行设置。
bit位 14        8-13                6-7            5         4             0-3
定义  0-不跳转  0~15跳转到对应路径  0-绝对      0-不重叠  0-可以被插断   0-无动作
      1-跳转                        1-相对指令  1-重叠    1-不能被插断   1-位置定位
                                    2-相对电机                           2-速度运行
                                                                         3-回零
                                                                         4-急停</Remark>
	</ParameterInfo>
	<ParameterInfo Address="41429">
		<Remark>路径 13 的位置值，在 485 通信时，仅仅读写低 16bit；高 16bit 的读写需要通过参数 P09.105实现；</Remark>
	</ParameterInfo>
	<ParameterInfo Address="41431">
		<Remark>设置 PR 路径 13 的运行速度。</Remark>
	</ParameterInfo>
	<ParameterInfo Address="41433">
		<Remark>设置 PR 路径 13 的加速度。ms/krpm 即 0rpm 加速到 1000rpm 的时间</Remark>
	</ParameterInfo>
	<ParameterInfo Address="41435">
		<Remark>设置 PR 路径 13 的减速度。ms/krpm 即 1000rpm 减速到 0rpm 的时间。</Remark>
	</ParameterInfo>
	<ParameterInfo Address="41437">
		<Remark>设置 PR 路径 13 完成后到执行下一路径的间隔时间。</Remark>
	</ParameterInfo>
	<ParameterInfo Address="41441">
		<Remark>建议使用调试软件中的 PR 功能中的控制参数进行设置。
bit位 14        8-13                6-7            5         4             0-3
定义  0-不跳转  0~15跳转到对应路径  0-绝对      0-不重叠  0-可以被插断   0-无动作
      1-跳转                        1-相对指令  1-重叠    1-不能被插断   1-位置定位
                                    2-相对电机                           2-速度运行
                                                                         3-回零
                                                                         4-急停</Remark>
	</ParameterInfo>
	<ParameterInfo Address="41445">
		<Remark>路径 13 的位置值，在 485 通信时，仅仅读写低 16bit；高 16bit 的读写需要通过参数 P09.105实现；</Remark>
	</ParameterInfo>
	<ParameterInfo Address="41447">
		<Remark>设置 PR 路径 13 的运行速度。</Remark>
	</ParameterInfo>
	<ParameterInfo Address="41449">
		<Remark>设置 PR 路径 13 的加速度。ms/krpm 即 0rpm 加速到 1000rpm 的时间</Remark>
	</ParameterInfo>
	<ParameterInfo Address="41451">
		<Remark>设置 PR 路径 13 的减速度。ms/krpm 即 1000rpm 减速到 0rpm 的时间。</Remark>
	</ParameterInfo>
	<ParameterInfo Address="41453">
		<Remark>设置 PR 路径 13 完成后到执行下一路径的间隔时间。</Remark>
	</ParameterInfo>
	<ParameterInfo Address="41457">
		<Remark>建议使用调试软件中的 PR 功能中的控制参数进行设置。
bit位 14        8-13                6-7            5         4             0-3
定义  0-不跳转  0~15跳转到对应路径  0-绝对      0-不重叠  0-可以被插断   0-无动作
      1-跳转                        1-相对指令  1-重叠    1-不能被插断   1-位置定位
                                    2-相对电机                           2-速度运行
                                                                         3-回零
                                                                         4-急停</Remark>
	</ParameterInfo>
	<ParameterInfo Address="41461">
		<Remark>路径 15 的位置值，在 485 通信时，仅仅读写低 16bit；高 16bit 的读写需要通过参数 P09.121实现；</Remark>
	</ParameterInfo>
	<ParameterInfo Address="41463">
		<Remark>设置 PR 路径 15 的运行速度。</Remark>
	</ParameterInfo>
	<ParameterInfo Address="41465">
		<Remark>设置 PR 路径 15 的加速度。ms/krpm 即 0rpm 加速到 1000rpm 的时间</Remark>
	</ParameterInfo>
	<ParameterInfo Address="41467">
		<Remark>设置 PR 路径 15 的减速度。ms/krpm 即 1000rpm 减速到 0rpm 的时间。</Remark>
	</ParameterInfo>
	<ParameterInfo Address="41469">
		<Remark>设置 PR 路径 15 完成后到执行下一路径的间隔时间。</Remark>
	</ParameterInfo>
</root>