<?xml version="1.0"?>
<OscilloscopeConfig xmlns:xsi="http://www.w3.org/2001/XMLSchema-instance" xmlns:xsd="http://www.w3.org/2001/XMLSchema">
  <Time>2024-10-08T11:45:20.2104805+08:00</Time>
  <SampleConfigs>
    <SampleConfig>
      <DriverSeries>0</DriverSeries>
      <BusType>6</BusType>
      <Name>Overload/Relief Error Analysis</Name>
      <Description />
      <Remark />
      <SampleMode>0</SampleMode>
      <SampleInteval>1</SampleInteval>
      <TriggerSource>1</TriggerSource>
      <TriggerCondition>7</TriggerCondition>
      <TriggerMode>0</TriggerMode>
      <TriggerThreshold>1</TriggerThreshold>
      <TriggerPostion>20</TriggerPostion>
      <AnalogConfig>
        <ChannelConfig>
          <Axis>1</Axis>
          <Is32Bit>true</Is32Bit>
          <Function>2</Function>
        </ChannelConfig>
        <ChannelConfig>
          <Axis>1</Axis>
          <Is32Bit>true</Is32Bit>
          <Function>3</Function>
        </ChannelConfig>
        <ChannelConfig>
          <Axis>1</Axis>
          <Is32Bit>false</Is32Bit>
          <Function>73</Function>
        </ChannelConfig>
        <ChannelConfig>
          <Axis>1</Axis>
          <Is32Bit>false</Is32Bit>
          <Function>72</Function>
        </ChannelConfig>
        <ChannelConfig>
          <Axis>1</Axis>
          <Is32Bit>false</Is32Bit>
          <Function>320</Function>
        </ChannelConfig>
        <ChannelConfig>
          <Axis>1</Axis>
          <Is32Bit>false</Is32Bit>
          <Function>129</Function>
        </ChannelConfig>
      </AnalogConfig>
      <DigitalConfig>
        <ChannelConfig>
          <Axis>1</Axis>
          <Is32Bit>false</Is32Bit>
          <Function>257</Function>
        </ChannelConfig>
        <ChannelConfig>
          <Axis>1</Axis>
          <Is32Bit>false</Is32Bit>
          <Function>258</Function>
        </ChannelConfig>
        <ChannelConfig>
          <Axis>1</Axis>
          <Is32Bit>false</Is32Bit>
          <Function>260</Function>
        </ChannelConfig>
        <ChannelConfig>
          <Axis>1</Axis>
          <Is32Bit>false</Is32Bit>
          <Function>262</Function>
        </ChannelConfig>
      </DigitalConfig>
    </SampleConfig>
    <SampleConfig>
      <DriverSeries>0</DriverSeries>
      <BusType>6</BusType>
      <Name>Position Error/Pulse Loss Analysis</Name>
      <Description />
      <Remark />
      <SampleMode>0</SampleMode>
      <SampleInteval>1</SampleInteval>
      <TriggerSource>1</TriggerSource>
      <TriggerCondition>7</TriggerCondition>
      <TriggerMode>0</TriggerMode>
      <TriggerThreshold>1</TriggerThreshold>
      <TriggerPostion>0</TriggerPostion>
      <AnalogConfig>
        <ChannelConfig>
          <Axis>1</Axis>
          <Is32Bit>true</Is32Bit>
          <Function>1</Function>
        </ChannelConfig>
        <ChannelConfig>
          <Axis>1</Axis>
          <Is32Bit>true</Is32Bit>
          <Function>2</Function>
        </ChannelConfig>
        <ChannelConfig>
          <Axis>1</Axis>
          <Is32Bit>true</Is32Bit>
          <Function>3</Function>
        </ChannelConfig>
        <ChannelConfig>
          <Axis>1</Axis>
          <Is32Bit>false</Is32Bit>
          <Function>73</Function>
        </ChannelConfig>
        <ChannelConfig>
          <Axis>1</Axis>
          <Is32Bit>false</Is32Bit>
          <Function>72</Function>
        </ChannelConfig>
        <ChannelConfig>
          <Axis>1</Axis>
          <Is32Bit>false</Is32Bit>
          <Function>129</Function>
        </ChannelConfig>
      </AnalogConfig>
      <DigitalConfig>
        <ChannelConfig>
          <Axis>1</Axis>
          <Is32Bit>false</Is32Bit>
          <Function>257</Function>
        </ChannelConfig>
        <ChannelConfig>
          <Axis>1</Axis>
          <Is32Bit>false</Is32Bit>
          <Function>260</Function>
        </ChannelConfig>
        <ChannelConfig>
          <Axis>1</Axis>
          <Is32Bit>false</Is32Bit>
          <Function>258</Function>
        </ChannelConfig>
        <ChannelConfig>
          <Axis>1</Axis>
          <Is32Bit>false</Is32Bit>
          <Function>262</Function>
        </ChannelConfig>
      </DigitalConfig>
    </SampleConfig>
    <SampleConfig>
      <DriverSeries>0</DriverSeries>
      <BusType>6</BusType>
      <Name>Resonance Analysis</Name>
      <Description />
      <Remark />
      <SampleMode>0</SampleMode>
      <SampleInteval>0.125</SampleInteval>
      <TriggerSource>1</TriggerSource>
      <TriggerCondition>0</TriggerCondition>
      <TriggerMode>0</TriggerMode>
      <TriggerThreshold>0</TriggerThreshold>
      <TriggerPostion>0</TriggerPostion>
      <AnalogConfig>
        <ChannelConfig>
          <Axis>1</Axis>
          <Is32Bit>true</Is32Bit>
          <Function>2</Function>
        </ChannelConfig>
        <ChannelConfig>
          <Axis>1</Axis>
          <Is32Bit>true</Is32Bit>
          <Function>3</Function>
        </ChannelConfig>
        <ChannelConfig>
          <Axis>1</Axis>
          <Is32Bit>false</Is32Bit>
          <Function>73</Function>
        </ChannelConfig>
        <ChannelConfig>
          <Axis>1</Axis>
          <Is32Bit>false</Is32Bit>
          <Function>72</Function>
        </ChannelConfig>
        <ChannelConfig>
          <Axis>1</Axis>
          <Is32Bit>false</Is32Bit>
          <Function>128</Function>
        </ChannelConfig>
        <ChannelConfig>
          <Axis>1</Axis>
          <Is32Bit>false</Is32Bit>
          <Function>129</Function>
        </ChannelConfig>
      </AnalogConfig>
      <DigitalConfig>
        <ChannelConfig>
          <Axis>1</Axis>
          <Is32Bit>false</Is32Bit>
          <Function>257</Function>
        </ChannelConfig>
        <ChannelConfig>
          <Axis>1</Axis>
          <Is32Bit>false</Is32Bit>
          <Function>262</Function>
        </ChannelConfig>
        <ChannelConfig>
          <Axis>1</Axis>
          <Is32Bit>false</Is32Bit>
          <Function>258</Function>
        </ChannelConfig>
        <ChannelConfig>
          <Axis>1</Axis>
          <Is32Bit>false</Is32Bit>
          <Function>260</Function>
        </ChannelConfig>
      </DigitalConfig>
    </SampleConfig>
    <SampleConfig>
      <DriverSeries>0</DriverSeries>
      <BusType>6</BusType>
      <Name>Position Mode Operating Status</Name>
      <Description />
      <Remark />
      <SampleMode>0</SampleMode>
      <SampleInteval>1</SampleInteval>
      <TriggerSource>1</TriggerSource>
      <TriggerCondition>1</TriggerCondition>
      <TriggerMode>0</TriggerMode>
      <TriggerThreshold>20</TriggerThreshold>
      <TriggerPostion>20</TriggerPostion>
      <AnalogConfig>
        <ChannelConfig>
          <Axis>1</Axis>
          <Is32Bit>true</Is32Bit>
          <Function>2</Function>
        </ChannelConfig>
        <ChannelConfig>
          <Axis>1</Axis>
          <Is32Bit>true</Is32Bit>
          <Function>3</Function>
        </ChannelConfig>
        <ChannelConfig>
          <Axis>1</Axis>
          <Is32Bit>false</Is32Bit>
          <Function>73</Function>
        </ChannelConfig>
        <ChannelConfig>
          <Axis>1</Axis>
          <Is32Bit>false</Is32Bit>
          <Function>72</Function>
        </ChannelConfig>
        <ChannelConfig>
          <Axis>1</Axis>
          <Is32Bit>false</Is32Bit>
          <Function>128</Function>
        </ChannelConfig>
        <ChannelConfig>
          <Axis>1</Axis>
          <Is32Bit>false</Is32Bit>
          <Function>129</Function>
        </ChannelConfig>
      </AnalogConfig>
      <DigitalConfig>
        <ChannelConfig>
          <Axis>1</Axis>
          <Is32Bit>false</Is32Bit>
          <Function>260</Function>
        </ChannelConfig>
        <ChannelConfig>
          <Axis>1</Axis>
          <Is32Bit>false</Is32Bit>
          <Function>258</Function>
        </ChannelConfig>
        <ChannelConfig>
          <Axis>1</Axis>
          <Is32Bit>false</Is32Bit>
          <Function>257</Function>
        </ChannelConfig>
        <ChannelConfig>
          <Axis>1</Axis>
          <Is32Bit>false</Is32Bit>
          <Function>262</Function>
        </ChannelConfig>
      </DigitalConfig>
    </SampleConfig>
    <SampleConfig>
      <DriverSeries>0</DriverSeries>
      <BusType>6</BusType>
      <Name>Velocity Mode Operating Status</Name>
      <Description />
      <Remark />
      <SampleMode>0</SampleMode>
      <SampleInteval>1</SampleInteval>
      <TriggerSource>1</TriggerSource>
      <TriggerCondition>1</TriggerCondition>
      <TriggerMode>0</TriggerMode>
      <TriggerThreshold>20</TriggerThreshold>
      <TriggerPostion>20</TriggerPostion>
      <AnalogConfig>
        <ChannelConfig>
          <Axis>1</Axis>
          <Is32Bit>false</Is32Bit>
          <Function>64</Function>
        </ChannelConfig>
        <ChannelConfig>
          <Axis>1</Axis>
          <Is32Bit>false</Is32Bit>
          <Function>65</Function>
        </ChannelConfig>
        <ChannelConfig>
          <Axis>1</Axis>
          <Is32Bit>false</Is32Bit>
          <Function>72</Function>
        </ChannelConfig>
        <ChannelConfig>
          <Axis>1</Axis>
          <Is32Bit>false</Is32Bit>
          <Function>66</Function>
        </ChannelConfig>
        <ChannelConfig>
          <Axis>1</Axis>
          <Is32Bit>false</Is32Bit>
          <Function>129</Function>
        </ChannelConfig>
        <ChannelConfig>
          <Axis>1</Axis>
          <Is32Bit>true</Is32Bit>
          <Function>2</Function>
        </ChannelConfig>
      </AnalogConfig>
      <DigitalConfig>
        <ChannelConfig>
          <Axis>1</Axis>
          <Is32Bit>false</Is32Bit>
          <Function>258</Function>
        </ChannelConfig>
        <ChannelConfig>
          <Axis>1</Axis>
          <Is32Bit>false</Is32Bit>
          <Function>264</Function>
        </ChannelConfig>
        <ChannelConfig>
          <Axis>1</Axis>
          <Is32Bit>false</Is32Bit>
          <Function>257</Function>
        </ChannelConfig>
        <ChannelConfig>
          <Axis>1</Axis>
          <Is32Bit>false</Is32Bit>
          <Function>262</Function>
        </ChannelConfig>
      </DigitalConfig>
    </SampleConfig>
    <SampleConfig>
      <DriverSeries>0</DriverSeries>
      <BusType>6</BusType>
      <Name>Torque Mode Operating Status</Name>
      <Description />
      <Remark />
      <SampleMode>0</SampleMode>
      <SampleInteval>1</SampleInteval>
      <TriggerSource>1</TriggerSource>
      <TriggerCondition>1</TriggerCondition>
      <TriggerMode>0</TriggerMode>
      <TriggerThreshold>20</TriggerThreshold>
      <TriggerPostion>20</TriggerPostion>
      <AnalogConfig>
        <ChannelConfig>
          <Axis>1</Axis>
          <Is32Bit>false</Is32Bit>
          <Function>65</Function>
        </ChannelConfig>
        <ChannelConfig>
          <Axis>1</Axis>
          <Is32Bit>false</Is32Bit>
          <Function>72</Function>
        </ChannelConfig>
        <ChannelConfig>
          <Axis>1</Axis>
          <Is32Bit>false</Is32Bit>
          <Function>128</Function>
        </ChannelConfig>
        <ChannelConfig>
          <Axis>1</Axis>
          <Is32Bit>false</Is32Bit>
          <Function>129</Function>
        </ChannelConfig>
        <ChannelConfig>
          <Axis>1</Axis>
          <Is32Bit>false</Is32Bit>
          <Function>320</Function>
        </ChannelConfig>
        <ChannelConfig>
          <Axis>1</Axis>
          <Is32Bit>true</Is32Bit>
          <Function>2</Function>
        </ChannelConfig>
      </AnalogConfig>
      <DigitalConfig>
        <ChannelConfig>
          <Axis>1</Axis>
          <Is32Bit>false</Is32Bit>
          <Function>258</Function>
        </ChannelConfig>
        <ChannelConfig>
          <Axis>1</Axis>
          <Is32Bit>false</Is32Bit>
          <Function>262</Function>
        </ChannelConfig>
        <ChannelConfig>
          <Axis>1</Axis>
          <Is32Bit>false</Is32Bit>
          <Function>257</Function>
        </ChannelConfig>
        <ChannelConfig>
          <Axis>1</Axis>
          <Is32Bit>false</Is32Bit>
          <Function>260</Function>
        </ChannelConfig>
      </DigitalConfig>
    </SampleConfig>
    <SampleConfig>
      <DriverSeries>0</DriverSeries>
      <BusType>6</BusType>
      <Name>Gain Adjustment</Name>
      <Description />
      <Remark />
      <SampleMode>0</SampleMode>
      <SampleInteval>1</SampleInteval>
      <TriggerSource>1</TriggerSource>
      <TriggerCondition>0</TriggerCondition>
      <TriggerMode>0</TriggerMode>
      <TriggerThreshold>0</TriggerThreshold>
      <TriggerPostion>0</TriggerPostion>
      <AnalogConfig>
        <ChannelConfig>
          <Axis>1</Axis>
          <Is32Bit>false</Is32Bit>
          <Function>73</Function>
        </ChannelConfig>
        <ChannelConfig>
          <Axis>1</Axis>
          <Is32Bit>false</Is32Bit>
          <Function>64</Function>
        </ChannelConfig>
        <ChannelConfig>
          <Axis>1</Axis>
          <Is32Bit>true</Is32Bit>
          <Function>3</Function>
        </ChannelConfig>
        <ChannelConfig>
          <Axis>1</Axis>
          <Is32Bit>false</Is32Bit>
          <Function>72</Function>
        </ChannelConfig>
        <ChannelConfig>
          <Axis>1</Axis>
          <Is32Bit>false</Is32Bit>
          <Function>128</Function>
        </ChannelConfig>
        <ChannelConfig>
          <Axis>1</Axis>
          <Is32Bit>false</Is32Bit>
          <Function>129</Function>
        </ChannelConfig>
      </AnalogConfig>
      <DigitalConfig>
        <ChannelConfig>
          <Axis>1</Axis>
          <Is32Bit>false</Is32Bit>
          <Function>257</Function>
        </ChannelConfig>
        <ChannelConfig>
          <Axis>1</Axis>
          <Is32Bit>false</Is32Bit>
          <Function>258</Function>
        </ChannelConfig>
        <ChannelConfig>
          <Axis>1</Axis>
          <Is32Bit>false</Is32Bit>
          <Function>260</Function>
        </ChannelConfig>
        <ChannelConfig>
          <Axis>1</Axis>
          <Is32Bit>false</Is32Bit>
          <Function>262</Function>
        </ChannelConfig>
      </DigitalConfig>
    </SampleConfig>
    <SampleConfig>
      <DriverSeries>0</DriverSeries>
      <BusType>3</BusType>
      <Name>Overload/Relief Error Analysis</Name>
      <Description />
      <Remark />
      <SampleMode>0</SampleMode>
      <SampleInteval>1</SampleInteval>
      <TriggerSource>1</TriggerSource>
      <TriggerCondition>7</TriggerCondition>
      <TriggerMode>0</TriggerMode>
      <TriggerThreshold>1</TriggerThreshold>
      <TriggerPostion>20</TriggerPostion>
      <AnalogConfig>
        <ChannelConfig>
          <Axis>1</Axis>
          <Is32Bit>false</Is32Bit>
          <Function>129</Function>
        </ChannelConfig>
        <ChannelConfig>
          <Axis>1</Axis>
          <Is32Bit>false</Is32Bit>
          <Function>320</Function>
        </ChannelConfig>
        <ChannelConfig>
          <Axis>1</Axis>
          <Is32Bit>false</Is32Bit>
          <Function>72</Function>
        </ChannelConfig>
        <ChannelConfig>
          <Axis>1</Axis>
          <Is32Bit>false</Is32Bit>
          <Function>73</Function>
        </ChannelConfig>
        <ChannelConfig>
          <Axis>1</Axis>
          <Is32Bit>true</Is32Bit>
          <Function>2</Function>
        </ChannelConfig>
        <ChannelConfig>
          <Axis>1</Axis>
          <Is32Bit>true</Is32Bit>
          <Function>3</Function>
        </ChannelConfig>
      </AnalogConfig>
      <DigitalConfig>
        <ChannelConfig>
          <Axis>1</Axis>
          <Is32Bit>false</Is32Bit>
          <Function>257</Function>
        </ChannelConfig>
        <ChannelConfig>
          <Axis>1</Axis>
          <Is32Bit>false</Is32Bit>
          <Function>258</Function>
        </ChannelConfig>
        <ChannelConfig>
          <Axis>1</Axis>
          <Is32Bit>false</Is32Bit>
          <Function>260</Function>
        </ChannelConfig>
        <ChannelConfig>
          <Axis>1</Axis>
          <Is32Bit>false</Is32Bit>
          <Function>262</Function>
        </ChannelConfig>
      </DigitalConfig>
    </SampleConfig>
    <SampleConfig>
      <DriverSeries>0</DriverSeries>
      <BusType>3</BusType>
      <Name>Position Error/Pulse Loss Analysis</Name>
      <Description />
      <Remark />
      <SampleMode>0</SampleMode>
      <SampleInteval>1</SampleInteval>
      <TriggerSource>1</TriggerSource>
      <TriggerCondition>7</TriggerCondition>
      <TriggerMode>0</TriggerMode>
      <TriggerThreshold>0</TriggerThreshold>
      <TriggerPostion>0</TriggerPostion>
      <AnalogConfig>
        <ChannelConfig>
          <Axis>1</Axis>
          <Is32Bit>true</Is32Bit>
          <Function>1</Function>
        </ChannelConfig>
        <ChannelConfig>
          <Axis>1</Axis>
          <Is32Bit>true</Is32Bit>
          <Function>2</Function>
        </ChannelConfig>
        <ChannelConfig>
          <Axis>1</Axis>
          <Is32Bit>true</Is32Bit>
          <Function>3</Function>
        </ChannelConfig>
        <ChannelConfig>
          <Axis>1</Axis>
          <Is32Bit>false</Is32Bit>
          <Function>73</Function>
        </ChannelConfig>
        <ChannelConfig>
          <Axis>1</Axis>
          <Is32Bit>false</Is32Bit>
          <Function>72</Function>
        </ChannelConfig>
        <ChannelConfig>
          <Axis>1</Axis>
          <Is32Bit>false</Is32Bit>
          <Function>129</Function>
        </ChannelConfig>
      </AnalogConfig>
      <DigitalConfig>
        <ChannelConfig>
          <Axis>1</Axis>
          <Is32Bit>false</Is32Bit>
          <Function>257</Function>
        </ChannelConfig>
        <ChannelConfig>
          <Axis>1</Axis>
          <Is32Bit>false</Is32Bit>
          <Function>260</Function>
        </ChannelConfig>
        <ChannelConfig>
          <Axis>1</Axis>
          <Is32Bit>false</Is32Bit>
          <Function>258</Function>
        </ChannelConfig>
        <ChannelConfig>
          <Axis>1</Axis>
          <Is32Bit>false</Is32Bit>
          <Function>262</Function>
        </ChannelConfig>
      </DigitalConfig>
    </SampleConfig>
    <SampleConfig>
      <DriverSeries>0</DriverSeries>
      <BusType>3</BusType>
      <Name>Resonance Analysis</Name>
      <Description />
      <Remark />
      <SampleMode>0</SampleMode>
      <SampleInteval>0.125</SampleInteval>
      <TriggerSource>1</TriggerSource>
      <TriggerCondition>0</TriggerCondition>
      <TriggerMode>0</TriggerMode>
      <TriggerThreshold>0</TriggerThreshold>
      <TriggerPostion>0</TriggerPostion>
      <AnalogConfig>
        <ChannelConfig>
          <Axis>1</Axis>
          <Is32Bit>true</Is32Bit>
          <Function>2</Function>
        </ChannelConfig>
        <ChannelConfig>
          <Axis>1</Axis>
          <Is32Bit>true</Is32Bit>
          <Function>3</Function>
        </ChannelConfig>
        <ChannelConfig>
          <Axis>1</Axis>
          <Is32Bit>false</Is32Bit>
          <Function>73</Function>
        </ChannelConfig>
        <ChannelConfig>
          <Axis>1</Axis>
          <Is32Bit>false</Is32Bit>
          <Function>72</Function>
        </ChannelConfig>
        <ChannelConfig>
          <Axis>1</Axis>
          <Is32Bit>false</Is32Bit>
          <Function>128</Function>
        </ChannelConfig>
        <ChannelConfig>
          <Axis>1</Axis>
          <Is32Bit>false</Is32Bit>
          <Function>129</Function>
        </ChannelConfig>
      </AnalogConfig>
      <DigitalConfig>
        <ChannelConfig>
          <Axis>1</Axis>
          <Is32Bit>false</Is32Bit>
          <Function>257</Function>
        </ChannelConfig>
        <ChannelConfig>
          <Axis>1</Axis>
          <Is32Bit>false</Is32Bit>
          <Function>258</Function>
        </ChannelConfig>
        <ChannelConfig>
          <Axis>1</Axis>
          <Is32Bit>false</Is32Bit>
          <Function>262</Function>
        </ChannelConfig>
        <ChannelConfig>
          <Axis>1</Axis>
          <Is32Bit>false</Is32Bit>
          <Function>260</Function>
        </ChannelConfig>
      </DigitalConfig>
    </SampleConfig>
    <SampleConfig>
      <DriverSeries>0</DriverSeries>
      <BusType>3</BusType>
      <Name>Gain Adjustment</Name>
      <Description />
      <Remark />
      <SampleMode>0</SampleMode>
      <SampleInteval>1</SampleInteval>
      <TriggerSource>1</TriggerSource>
      <TriggerCondition>1</TriggerCondition>
      <TriggerMode>0</TriggerMode>
      <TriggerThreshold>20</TriggerThreshold>
      <TriggerPostion>20</TriggerPostion>
      <AnalogConfig>
        <ChannelConfig>
          <Axis>1</Axis>
          <Is32Bit>false</Is32Bit>
          <Function>73</Function>
        </ChannelConfig>
        <ChannelConfig>
          <Axis>1</Axis>
          <Is32Bit>false</Is32Bit>
          <Function>64</Function>
        </ChannelConfig>
        <ChannelConfig>
          <Axis>1</Axis>
          <Is32Bit>true</Is32Bit>
          <Function>3</Function>
        </ChannelConfig>
        <ChannelConfig>
          <Axis>1</Axis>
          <Is32Bit>false</Is32Bit>
          <Function>72</Function>
        </ChannelConfig>
        <ChannelConfig>
          <Axis>1</Axis>
          <Is32Bit>false</Is32Bit>
          <Function>128</Function>
        </ChannelConfig>
        <ChannelConfig>
          <Axis>1</Axis>
          <Is32Bit>false</Is32Bit>
          <Function>129</Function>
        </ChannelConfig>
      </AnalogConfig>
      <DigitalConfig>
        <ChannelConfig>
          <Axis>1</Axis>
          <Is32Bit>false</Is32Bit>
          <Function>257</Function>
        </ChannelConfig>
        <ChannelConfig>
          <Axis>1</Axis>
          <Is32Bit>false</Is32Bit>
          <Function>258</Function>
        </ChannelConfig>
        <ChannelConfig>
          <Axis>1</Axis>
          <Is32Bit>false</Is32Bit>
          <Function>260</Function>
        </ChannelConfig>
        <ChannelConfig>
          <Axis>1</Axis>
          <Is32Bit>false</Is32Bit>
          <Function>262</Function>
        </ChannelConfig>
      </DigitalConfig>
    </SampleConfig>
    <SampleConfig>
      <DriverSeries>0</DriverSeries>
      <BusType>3</BusType>
      <Name>Position Mode Operating Status</Name>
      <Description />
      <Remark />
      <SampleMode>0</SampleMode>
      <SampleInteval>1</SampleInteval>
      <TriggerSource>1</TriggerSource>
      <TriggerCondition>1</TriggerCondition>
      <TriggerMode>0</TriggerMode>
      <TriggerThreshold>20</TriggerThreshold>
      <TriggerPostion>20</TriggerPostion>
      <AnalogConfig>
        <ChannelConfig>
          <Axis>1</Axis>
          <Is32Bit>true</Is32Bit>
          <Function>2</Function>
        </ChannelConfig>
        <ChannelConfig>
          <Axis>1</Axis>
          <Is32Bit>true</Is32Bit>
          <Function>3</Function>
        </ChannelConfig>
        <ChannelConfig>
          <Axis>1</Axis>
          <Is32Bit>false</Is32Bit>
          <Function>73</Function>
        </ChannelConfig>
        <ChannelConfig>
          <Axis>1</Axis>
          <Is32Bit>false</Is32Bit>
          <Function>72</Function>
        </ChannelConfig>
        <ChannelConfig>
          <Axis>1</Axis>
          <Is32Bit>false</Is32Bit>
          <Function>128</Function>
        </ChannelConfig>
        <ChannelConfig>
          <Axis>1</Axis>
          <Is32Bit>false</Is32Bit>
          <Function>129</Function>
        </ChannelConfig>
      </AnalogConfig>
      <DigitalConfig>
        <ChannelConfig>
          <Axis>1</Axis>
          <Is32Bit>false</Is32Bit>
          <Function>260</Function>
        </ChannelConfig>
        <ChannelConfig>
          <Axis>1</Axis>
          <Is32Bit>false</Is32Bit>
          <Function>258</Function>
        </ChannelConfig>
        <ChannelConfig>
          <Axis>1</Axis>
          <Is32Bit>false</Is32Bit>
          <Function>257</Function>
        </ChannelConfig>
        <ChannelConfig>
          <Axis>1</Axis>
          <Is32Bit>false</Is32Bit>
          <Function>262</Function>
        </ChannelConfig>
      </DigitalConfig>
    </SampleConfig>
    <SampleConfig>
      <DriverSeries>0</DriverSeries>
      <BusType>3</BusType>
      <Name>Velocity Mode Operating Status</Name>
      <Description />
      <Remark />
      <SampleMode>0</SampleMode>
      <SampleInteval>1</SampleInteval>
      <TriggerSource>1</TriggerSource>
      <TriggerCondition>1</TriggerCondition>
      <TriggerMode>0</TriggerMode>
      <TriggerThreshold>20</TriggerThreshold>
      <TriggerPostion>20</TriggerPostion>
      <AnalogConfig>
        <ChannelConfig>
          <Axis>1</Axis>
          <Is32Bit>false</Is32Bit>
          <Function>64</Function>
        </ChannelConfig>
        <ChannelConfig>
          <Axis>1</Axis>
          <Is32Bit>false</Is32Bit>
          <Function>65</Function>
        </ChannelConfig>
        <ChannelConfig>
          <Axis>1</Axis>
          <Is32Bit>false</Is32Bit>
          <Function>72</Function>
        </ChannelConfig>
        <ChannelConfig>
          <Axis>1</Axis>
          <Is32Bit>false</Is32Bit>
          <Function>66</Function>
        </ChannelConfig>
        <ChannelConfig>
          <Axis>1</Axis>
          <Is32Bit>false</Is32Bit>
          <Function>129</Function>
        </ChannelConfig>
        <ChannelConfig>
          <Axis>1</Axis>
          <Is32Bit>false</Is32Bit>
          <Function>384</Function>
        </ChannelConfig>
      </AnalogConfig>
      <DigitalConfig>
        <ChannelConfig>
          <Axis>1</Axis>
          <Is32Bit>false</Is32Bit>
          <Function>258</Function>
        </ChannelConfig>
        <ChannelConfig>
          <Axis>1</Axis>
          <Is32Bit>false</Is32Bit>
          <Function>264</Function>
        </ChannelConfig>
        <ChannelConfig>
          <Axis>1</Axis>
          <Is32Bit>false</Is32Bit>
          <Function>257</Function>
        </ChannelConfig>
        <ChannelConfig>
          <Axis>1</Axis>
          <Is32Bit>false</Is32Bit>
          <Function>262</Function>
        </ChannelConfig>
      </DigitalConfig>
    </SampleConfig>
    <SampleConfig>
      <DriverSeries>0</DriverSeries>
      <BusType>3</BusType>
      <Name>Torque Mode Operating Status</Name>
      <Description />
      <Remark />
      <SampleMode>0</SampleMode>
      <SampleInteval>1</SampleInteval>
      <TriggerSource>1</TriggerSource>
      <TriggerCondition>1</TriggerCondition>
      <TriggerMode>0</TriggerMode>
      <TriggerThreshold>20</TriggerThreshold>
      <TriggerPostion>20</TriggerPostion>
      <AnalogConfig>
        <ChannelConfig>
          <Axis>1</Axis>
          <Is32Bit>false</Is32Bit>
          <Function>65</Function>
        </ChannelConfig>
        <ChannelConfig>
          <Axis>1</Axis>
          <Is32Bit>false</Is32Bit>
          <Function>72</Function>
        </ChannelConfig>
        <ChannelConfig>
          <Axis>1</Axis>
          <Is32Bit>false</Is32Bit>
          <Function>128</Function>
        </ChannelConfig>
        <ChannelConfig>
          <Axis>1</Axis>
          <Is32Bit>false</Is32Bit>
          <Function>129</Function>
        </ChannelConfig>
        <ChannelConfig>
          <Axis>1</Axis>
          <Is32Bit>false</Is32Bit>
          <Function>320</Function>
        </ChannelConfig>
        <ChannelConfig>
          <Axis>1</Axis>
          <Is32Bit>false</Is32Bit>
          <Function>386</Function>
        </ChannelConfig>
      </AnalogConfig>
      <DigitalConfig>
        <ChannelConfig>
          <Axis>1</Axis>
          <Is32Bit>false</Is32Bit>
          <Function>258</Function>
        </ChannelConfig>
        <ChannelConfig>
          <Axis>1</Axis>
          <Is32Bit>false</Is32Bit>
          <Function>262</Function>
        </ChannelConfig>
        <ChannelConfig>
          <Axis>1</Axis>
          <Is32Bit>false</Is32Bit>
          <Function>257</Function>
        </ChannelConfig>
        <ChannelConfig>
          <Axis>1</Axis>
          <Is32Bit>false</Is32Bit>
          <Function>260</Function>
        </ChannelConfig>
      </DigitalConfig>
    </SampleConfig>
    <SampleConfig>
      <DriverSeries>0</DriverSeries>
      <BusType>3</BusType>
      <Name>Bus Position Mode Operating Status</Name>
      <Description />
      <Remark />
      <SampleMode>0</SampleMode>
      <SampleInteval>1</SampleInteval>
      <TriggerSource>1</TriggerSource>
      <TriggerCondition>1</TriggerCondition>
      <TriggerMode>0</TriggerMode>
      <TriggerThreshold>20</TriggerThreshold>
      <TriggerPostion>20</TriggerPostion>
      <AnalogConfig>
        <ChannelConfig>
          <Axis>1</Axis>
          <Is32Bit>true</Is32Bit>
          <Function>1537</Function>
        </ChannelConfig>
        <ChannelConfig>
          <Axis>1</Axis>
          <Is32Bit>true</Is32Bit>
          <Function>1538</Function>
        </ChannelConfig>
        <ChannelConfig>
          <Axis>1</Axis>
          <Is32Bit>true</Is32Bit>
          <Function>1548</Function>
        </ChannelConfig>
        <ChannelConfig>
          <Axis>1</Axis>
          <Is32Bit>true</Is32Bit>
          <Function>1542</Function>
        </ChannelConfig>
        <ChannelConfig>
          <Axis>1</Axis>
          <Is32Bit>false</Is32Bit>
          <Function>72</Function>
        </ChannelConfig>
        <ChannelConfig>
          <Axis>1</Axis>
          <Is32Bit>false</Is32Bit>
          <Function>73</Function>
        </ChannelConfig>
      </AnalogConfig>
      <DigitalConfig>
        <ChannelConfig>
          <Axis>1</Axis>
          <Is32Bit>false</Is32Bit>
          <Function>260</Function>
        </ChannelConfig>
        <ChannelConfig>
          <Axis>1</Axis>
          <Is32Bit>false</Is32Bit>
          <Function>257</Function>
        </ChannelConfig>
        <ChannelConfig>
          <Axis>1</Axis>
          <Is32Bit>false</Is32Bit>
          <Function>290</Function>
        </ChannelConfig>
        <ChannelConfig>
          <Axis>1</Axis>
          <Is32Bit>false</Is32Bit>
          <Function>302</Function>
        </ChannelConfig>
      </DigitalConfig>
    </SampleConfig>
    <SampleConfig>
      <DriverSeries>0</DriverSeries>
      <BusType>3</BusType>
      <Name>Bus Velocity Mode Operating Status</Name>
      <Description />
      <Remark />
      <SampleMode>0</SampleMode>
      <SampleInteval>1</SampleInteval>
      <TriggerSource>1</TriggerSource>
      <TriggerCondition>1</TriggerCondition>
      <TriggerMode>0</TriggerMode>
      <TriggerThreshold>20</TriggerThreshold>
      <TriggerPostion>20</TriggerPostion>
      <AnalogConfig>
        <ChannelConfig>
          <Axis>1</Axis>
          <Is32Bit>false</Is32Bit>
          <Function>64</Function>
        </ChannelConfig>
        <ChannelConfig>
          <Axis>1</Axis>
          <Is32Bit>false</Is32Bit>
          <Function>72</Function>
        </ChannelConfig>
        <ChannelConfig>
          <Axis>1</Axis>
          <Is32Bit>false</Is32Bit>
          <Function>129</Function>
        </ChannelConfig>
        <ChannelConfig>
          <Axis>1</Axis>
          <Is32Bit>true</Is32Bit>
          <Function>1553</Function>
        </ChannelConfig>
        <ChannelConfig>
          <Axis>1</Axis>
          <Is32Bit>true</Is32Bit>
          <Function>1537</Function>
        </ChannelConfig>
        <ChannelConfig>
          <Axis>1</Axis>
          <Is32Bit>true</Is32Bit>
          <Function>1538</Function>
        </ChannelConfig>
      </AnalogConfig>
      <DigitalConfig>
        <ChannelConfig>
          <Axis>1</Axis>
          <Is32Bit>false</Is32Bit>
          <Function>258</Function>
        </ChannelConfig>
        <ChannelConfig>
          <Axis>1</Axis>
          <Is32Bit>false</Is32Bit>
          <Function>264</Function>
        </ChannelConfig>
        <ChannelConfig>
          <Axis>1</Axis>
          <Is32Bit>false</Is32Bit>
          <Function>257</Function>
        </ChannelConfig>
        <ChannelConfig>
          <Axis>1</Axis>
          <Is32Bit>false</Is32Bit>
          <Function>262</Function>
        </ChannelConfig>
      </DigitalConfig>
    </SampleConfig>
    <SampleConfig>
      <DriverSeries>0</DriverSeries>
      <BusType>3</BusType>
      <Name>Bus Torque Mode Operating Status</Name>
      <Description />
      <Remark />
      <SampleMode>0</SampleMode>
      <SampleInteval>1</SampleInteval>
      <TriggerSource>1</TriggerSource>
      <TriggerCondition>1</TriggerCondition>
      <TriggerMode>0</TriggerMode>
      <TriggerThreshold>20</TriggerThreshold>
      <TriggerPostion>20</TriggerPostion>
      <AnalogConfig>
        <ChannelConfig>
          <Axis>1</Axis>
          <Is32Bit>false</Is32Bit>
          <Function>72</Function>
        </ChannelConfig>
        <ChannelConfig>
          <Axis>1</Axis>
          <Is32Bit>false</Is32Bit>
          <Function>129</Function>
        </ChannelConfig>
        <ChannelConfig>
          <Axis>1</Axis>
          <Is32Bit>true</Is32Bit>
          <Function>1537</Function>
        </ChannelConfig>
        <ChannelConfig>
          <Axis>1</Axis>
          <Is32Bit>true</Is32Bit>
          <Function>1538</Function>
        </ChannelConfig>
        <ChannelConfig>
          <Axis>1</Axis>
          <Is32Bit>true</Is32Bit>
          <Function>1545</Function>
        </ChannelConfig>
        <ChannelConfig>
          <Axis>1</Axis>
          <Is32Bit>true</Is32Bit>
          <Function>1546</Function>
        </ChannelConfig>
      </AnalogConfig>
      <DigitalConfig>
        <ChannelConfig>
          <Axis>1</Axis>
          <Is32Bit>false</Is32Bit>
          <Function>258</Function>
        </ChannelConfig>
        <ChannelConfig>
          <Axis>1</Axis>
          <Is32Bit>false</Is32Bit>
          <Function>262</Function>
        </ChannelConfig>
        <ChannelConfig>
          <Axis>1</Axis>
          <Is32Bit>false</Is32Bit>
          <Function>257</Function>
        </ChannelConfig>
        <ChannelConfig>
          <Axis>1</Axis>
          <Is32Bit>false</Is32Bit>
          <Function>265</Function>
        </ChannelConfig>
      </DigitalConfig>
    </SampleConfig>
    <SampleConfig>
      <DriverSeries>0</DriverSeries>
      <BusType>3</BusType>
      <Name>Pressure Servo Debugging</Name>
      <Description />
      <Remark />
      <SampleMode>0</SampleMode>
      <SampleInteval>1</SampleInteval>
      <TriggerSource>1</TriggerSource>
      <TriggerCondition>1</TriggerCondition>
      <TriggerMode>0</TriggerMode>
      <TriggerThreshold>10</TriggerThreshold>
      <TriggerPostion>10</TriggerPostion>
      <AnalogConfig>
        <ChannelConfig>
          <Axis>1</Axis>
          <Is32Bit>true</Is32Bit>
          <Function>465</Function>
        </ChannelConfig>
        <ChannelConfig>
          <Axis>1</Axis>
          <Is32Bit>true</Is32Bit>
          <Function>466</Function>
        </ChannelConfig>
        <ChannelConfig>
          <Axis>1</Axis>
          <Is32Bit>false</Is32Bit>
          <Function>72</Function>
        </ChannelConfig>
        <ChannelConfig>
          <Axis>1</Axis>
          <Is32Bit>false</Is32Bit>
          <Function>64</Function>
        </ChannelConfig>
        <ChannelConfig>
          <Axis>1</Axis>
          <Is32Bit>false</Is32Bit>
          <Function>128</Function>
        </ChannelConfig>
        <ChannelConfig>
          <Axis>1</Axis>
          <Is32Bit>false</Is32Bit>
          <Function>384</Function>
        </ChannelConfig>
      </AnalogConfig>
      <DigitalConfig>
        <ChannelConfig>
          <Axis>1</Axis>
          <Is32Bit>false</Is32Bit>
          <Function>257</Function>
        </ChannelConfig>
        <ChannelConfig>
          <Axis>1</Axis>
          <Is32Bit>false</Is32Bit>
          <Function>260</Function>
        </ChannelConfig>
        <ChannelConfig>
          <Axis>1</Axis>
          <Is32Bit>false</Is32Bit>
          <Function>258</Function>
        </ChannelConfig>
        <ChannelConfig>
          <Axis>1</Axis>
          <Is32Bit>false</Is32Bit>
          <Function>262</Function>
        </ChannelConfig>
      </DigitalConfig>
    </SampleConfig>
    <SampleConfig>
      <DriverSeries>0</DriverSeries>
      <BusType>3</BusType>
      <Name>Gantry System Analysis</Name>
      <Description />
      <Remark />
      <SampleMode>0</SampleMode>
      <SampleInteval>1</SampleInteval>
      <TriggerSource>1</TriggerSource>
      <TriggerCondition>1</TriggerCondition>
      <TriggerMode>0</TriggerMode>
      <TriggerThreshold>20</TriggerThreshold>
      <TriggerPostion>20</TriggerPostion>
      <AnalogConfig>
        <ChannelConfig>
          <Axis>1</Axis>
          <Is32Bit>false</Is32Bit>
          <Function>73</Function>
        </ChannelConfig>
        <ChannelConfig>
          <Axis>1</Axis>
          <Is32Bit>true</Is32Bit>
          <Function>3</Function>
        </ChannelConfig>
        <ChannelConfig>
          <Axis>1</Axis>
          <Is32Bit>false</Is32Bit>
          <Function>129</Function>
        </ChannelConfig>
        <ChannelConfig>
          <Axis>1</Axis>
          <Is32Bit>false</Is32Bit>
          <Function>72</Function>
        </ChannelConfig>
        <ChannelConfig>
          <Axis>1</Axis>
          <Is32Bit>false</Is32Bit>
          <Function>0</Function>
        </ChannelConfig>
        <ChannelConfig>
          <Axis>1</Axis>
          <Is32Bit>true</Is32Bit>
          <Function>0</Function>
        </ChannelConfig>
      </AnalogConfig>
      <DigitalConfig>
        <ChannelConfig>
          <Axis>1</Axis>
          <Is32Bit>false</Is32Bit>
          <Function>257</Function>
        </ChannelConfig>
        <ChannelConfig>
          <Axis>1</Axis>
          <Is32Bit>false</Is32Bit>
          <Function>260</Function>
        </ChannelConfig>
        <ChannelConfig>
          <Axis>1</Axis>
          <Is32Bit>false</Is32Bit>
          <Function>258</Function>
        </ChannelConfig>
        <ChannelConfig>
          <Axis>1</Axis>
          <Is32Bit>false</Is32Bit>
          <Function>262</Function>
        </ChannelConfig>
      </DigitalConfig>
    </SampleConfig>
    <SampleConfig>
      <DriverSeries>0</DriverSeries>
      <BusType>3</BusType>
      <Name>Full Closed-Loop System Analysis</Name>
      <Description />
      <Remark />
      <SampleMode>0</SampleMode>
      <SampleInteval>1</SampleInteval>
      <TriggerSource>1</TriggerSource>
      <TriggerCondition>1</TriggerCondition>
      <TriggerMode>0</TriggerMode>
      <TriggerThreshold>20</TriggerThreshold>
      <TriggerPostion>0</TriggerPostion>
      <AnalogConfig>
        <ChannelConfig>
          <Axis>1</Axis>
          <Is32Bit>false</Is32Bit>
          <Function>73</Function>
        </ChannelConfig>
        <ChannelConfig>
          <Axis>1</Axis>
          <Is32Bit>true</Is32Bit>
          <Function>3</Function>
        </ChannelConfig>
        <ChannelConfig>
          <Axis>1</Axis>
          <Is32Bit>false</Is32Bit>
          <Function>72</Function>
        </ChannelConfig>
        <ChannelConfig>
          <Axis>1</Axis>
          <Is32Bit>true</Is32Bit>
          <Function>389</Function>
        </ChannelConfig>
        <ChannelConfig>
          <Axis>1</Axis>
          <Is32Bit>true</Is32Bit>
          <Function>388</Function>
        </ChannelConfig>
        <ChannelConfig>
          <Axis>1</Axis>
          <Is32Bit>false</Is32Bit>
          <Function>128</Function>
        </ChannelConfig>
      </AnalogConfig>
      <DigitalConfig>
        <ChannelConfig>
          <Axis>1</Axis>
          <Is32Bit>false</Is32Bit>
          <Function>257</Function>
        </ChannelConfig>
        <ChannelConfig>
          <Axis>1</Axis>
          <Is32Bit>false</Is32Bit>
          <Function>260</Function>
        </ChannelConfig>
        <ChannelConfig>
          <Axis>1</Axis>
          <Is32Bit>false</Is32Bit>
          <Function>258</Function>
        </ChannelConfig>
        <ChannelConfig>
          <Axis>1</Axis>
          <Is32Bit>false</Is32Bit>
          <Function>262</Function>
        </ChannelConfig>
      </DigitalConfig>
    </SampleConfig>
    <SampleConfig>
      <DriverSeries>0</DriverSeries>
      <BusType>0</BusType>
      <Name>Resonance Analysis</Name>
      <Description />
      <Remark />
      <SampleMode>0</SampleMode>
      <SampleInteval>1</SampleInteval>
      <TriggerSource>1</TriggerSource>
      <TriggerCondition>1</TriggerCondition>
      <TriggerMode>0</TriggerMode>
      <TriggerThreshold>20</TriggerThreshold>
      <TriggerPostion>20</TriggerPostion>
      <AnalogConfig>
        <ChannelConfig>
          <Axis>1</Axis>
          <Is32Bit>true</Is32Bit>
          <Function>2</Function>
        </ChannelConfig>
        <ChannelConfig>
          <Axis>1</Axis>
          <Is32Bit>true</Is32Bit>
          <Function>3</Function>
        </ChannelConfig>
        <ChannelConfig>
          <Axis>1</Axis>
          <Is32Bit>false</Is32Bit>
          <Function>73</Function>
        </ChannelConfig>
        <ChannelConfig>
          <Axis>1</Axis>
          <Is32Bit>false</Is32Bit>
          <Function>72</Function>
        </ChannelConfig>
        <ChannelConfig>
          <Axis>1</Axis>
          <Is32Bit>false</Is32Bit>
          <Function>128</Function>
        </ChannelConfig>
        <ChannelConfig>
          <Axis>1</Axis>
          <Is32Bit>false</Is32Bit>
          <Function>129</Function>
        </ChannelConfig>
      </AnalogConfig>
      <DigitalConfig>
        <ChannelConfig>
          <Axis>1</Axis>
          <Is32Bit>false</Is32Bit>
          <Function>257</Function>
        </ChannelConfig>
        <ChannelConfig>
          <Axis>1</Axis>
          <Is32Bit>false</Is32Bit>
          <Function>258</Function>
        </ChannelConfig>
        <ChannelConfig>
          <Axis>1</Axis>
          <Is32Bit>false</Is32Bit>
          <Function>262</Function>
        </ChannelConfig>
        <ChannelConfig>
          <Axis>1</Axis>
          <Is32Bit>false</Is32Bit>
          <Function>260</Function>
        </ChannelConfig>
      </DigitalConfig>
    </SampleConfig>
    <SampleConfig>
      <DriverSeries>0</DriverSeries>
      <BusType>0</BusType>
      <Name>Overload/Relief Error Analysis</Name>
      <Description>脉冲总线伺服驱动器</Description>
      <Remark />
      <SampleMode>0</SampleMode>
      <SampleInteval>1</SampleInteval>
      <TriggerSource>1</TriggerSource>
      <TriggerCondition>7</TriggerCondition>
      <TriggerMode>0</TriggerMode>
      <TriggerThreshold>1</TriggerThreshold>
      <TriggerPostion>20</TriggerPostion>
      <AnalogConfig>
        <ChannelConfig>
          <Axis>1</Axis>
          <Is32Bit>false</Is32Bit>
          <Function>129</Function>
        </ChannelConfig>
        <ChannelConfig>
          <Axis>1</Axis>
          <Is32Bit>false</Is32Bit>
          <Function>320</Function>
        </ChannelConfig>
        <ChannelConfig>
          <Axis>1</Axis>
          <Is32Bit>false</Is32Bit>
          <Function>72</Function>
        </ChannelConfig>
        <ChannelConfig>
          <Axis>1</Axis>
          <Is32Bit>false</Is32Bit>
          <Function>73</Function>
        </ChannelConfig>
        <ChannelConfig>
          <Axis>1</Axis>
          <Is32Bit>true</Is32Bit>
          <Function>2</Function>
        </ChannelConfig>
        <ChannelConfig>
          <Axis>1</Axis>
          <Is32Bit>true</Is32Bit>
          <Function>3</Function>
        </ChannelConfig>
      </AnalogConfig>
      <DigitalConfig>
        <ChannelConfig>
          <Axis>1</Axis>
          <Is32Bit>false</Is32Bit>
          <Function>257</Function>
        </ChannelConfig>
        <ChannelConfig>
          <Axis>1</Axis>
          <Is32Bit>false</Is32Bit>
          <Function>258</Function>
        </ChannelConfig>
        <ChannelConfig>
          <Axis>1</Axis>
          <Is32Bit>false</Is32Bit>
          <Function>260</Function>
        </ChannelConfig>
        <ChannelConfig>
          <Axis>1</Axis>
          <Is32Bit>false</Is32Bit>
          <Function>262</Function>
        </ChannelConfig>
      </DigitalConfig>
    </SampleConfig>
    <SampleConfig>
      <DriverSeries>0</DriverSeries>
      <BusType>0</BusType>
      <Name>Position Error/Pulse Loss Analysis</Name>
      <Description />
      <Remark />
      <SampleMode>0</SampleMode>
      <SampleInteval>1</SampleInteval>
      <TriggerSource>1</TriggerSource>
      <TriggerCondition>0</TriggerCondition>
      <TriggerMode>0</TriggerMode>
      <TriggerThreshold>0</TriggerThreshold>
      <TriggerPostion>0</TriggerPostion>
      <AnalogConfig>
        <ChannelConfig>
          <Axis>1</Axis>
          <Is32Bit>true</Is32Bit>
          <Function>1</Function>
        </ChannelConfig>
        <ChannelConfig>
          <Axis>1</Axis>
          <Is32Bit>true</Is32Bit>
          <Function>2</Function>
        </ChannelConfig>
        <ChannelConfig>
          <Axis>1</Axis>
          <Is32Bit>true</Is32Bit>
          <Function>3</Function>
        </ChannelConfig>
        <ChannelConfig>
          <Axis>1</Axis>
          <Is32Bit>false</Is32Bit>
          <Function>73</Function>
        </ChannelConfig>
        <ChannelConfig>
          <Axis>1</Axis>
          <Is32Bit>false</Is32Bit>
          <Function>72</Function>
        </ChannelConfig>
        <ChannelConfig>
          <Axis>1</Axis>
          <Is32Bit>false</Is32Bit>
          <Function>129</Function>
        </ChannelConfig>
      </AnalogConfig>
      <DigitalConfig>
        <ChannelConfig>
          <Axis>1</Axis>
          <Is32Bit>false</Is32Bit>
          <Function>257</Function>
        </ChannelConfig>
        <ChannelConfig>
          <Axis>1</Axis>
          <Is32Bit>false</Is32Bit>
          <Function>260</Function>
        </ChannelConfig>
        <ChannelConfig>
          <Axis>1</Axis>
          <Is32Bit>false</Is32Bit>
          <Function>258</Function>
        </ChannelConfig>
        <ChannelConfig>
          <Axis>1</Axis>
          <Is32Bit>false</Is32Bit>
          <Function>262</Function>
        </ChannelConfig>
      </DigitalConfig>
    </SampleConfig>
    <SampleConfig>
      <DriverSeries>0</DriverSeries>
      <BusType>0</BusType>
      <Name>Gain Adjustment</Name>
      <Description />
      <Remark />
      <SampleMode>0</SampleMode>
      <SampleInteval>1</SampleInteval>
      <TriggerSource>1</TriggerSource>
      <TriggerCondition>1</TriggerCondition>
      <TriggerMode>0</TriggerMode>
      <TriggerThreshold>20</TriggerThreshold>
      <TriggerPostion>20</TriggerPostion>
      <AnalogConfig>
        <ChannelConfig>
          <Axis>1</Axis>
          <Is32Bit>false</Is32Bit>
          <Function>73</Function>
        </ChannelConfig>
        <ChannelConfig>
          <Axis>1</Axis>
          <Is32Bit>false</Is32Bit>
          <Function>64</Function>
        </ChannelConfig>
        <ChannelConfig>
          <Axis>1</Axis>
          <Is32Bit>true</Is32Bit>
          <Function>3</Function>
        </ChannelConfig>
        <ChannelConfig>
          <Axis>1</Axis>
          <Is32Bit>false</Is32Bit>
          <Function>72</Function>
        </ChannelConfig>
        <ChannelConfig>
          <Axis>1</Axis>
          <Is32Bit>false</Is32Bit>
          <Function>128</Function>
        </ChannelConfig>
        <ChannelConfig>
          <Axis>1</Axis>
          <Is32Bit>false</Is32Bit>
          <Function>129</Function>
        </ChannelConfig>
      </AnalogConfig>
      <DigitalConfig>
        <ChannelConfig>
          <Axis>1</Axis>
          <Is32Bit>false</Is32Bit>
          <Function>258</Function>
        </ChannelConfig>
        <ChannelConfig>
          <Axis>1</Axis>
          <Is32Bit>false</Is32Bit>
          <Function>262</Function>
        </ChannelConfig>
        <ChannelConfig>
          <Axis>1</Axis>
          <Is32Bit>false</Is32Bit>
          <Function>257</Function>
        </ChannelConfig>
        <ChannelConfig>
          <Axis>1</Axis>
          <Is32Bit>false</Is32Bit>
          <Function>260</Function>
        </ChannelConfig>
      </DigitalConfig>
    </SampleConfig>
    <SampleConfig>
      <DriverSeries>0</DriverSeries>
      <BusType>0</BusType>
      <Name>Position Mode Operating Status</Name>
      <Description />
      <Remark />
      <SampleMode>0</SampleMode>
      <SampleInteval>1</SampleInteval>
      <TriggerSource>1</TriggerSource>
      <TriggerCondition>1</TriggerCondition>
      <TriggerMode>0</TriggerMode>
      <TriggerThreshold>20</TriggerThreshold>
      <TriggerPostion>20</TriggerPostion>
      <AnalogConfig>
        <ChannelConfig>
          <Axis>1</Axis>
          <Is32Bit>true</Is32Bit>
          <Function>2</Function>
        </ChannelConfig>
        <ChannelConfig>
          <Axis>1</Axis>
          <Is32Bit>true</Is32Bit>
          <Function>3</Function>
        </ChannelConfig>
        <ChannelConfig>
          <Axis>1</Axis>
          <Is32Bit>false</Is32Bit>
          <Function>73</Function>
        </ChannelConfig>
        <ChannelConfig>
          <Axis>1</Axis>
          <Is32Bit>false</Is32Bit>
          <Function>72</Function>
        </ChannelConfig>
        <ChannelConfig>
          <Axis>1</Axis>
          <Is32Bit>false</Is32Bit>
          <Function>128</Function>
        </ChannelConfig>
        <ChannelConfig>
          <Axis>1</Axis>
          <Is32Bit>false</Is32Bit>
          <Function>129</Function>
        </ChannelConfig>
      </AnalogConfig>
      <DigitalConfig>
        <ChannelConfig>
          <Axis>1</Axis>
          <Is32Bit>false</Is32Bit>
          <Function>260</Function>
        </ChannelConfig>
        <ChannelConfig>
          <Axis>1</Axis>
          <Is32Bit>false</Is32Bit>
          <Function>258</Function>
        </ChannelConfig>
        <ChannelConfig>
          <Axis>1</Axis>
          <Is32Bit>false</Is32Bit>
          <Function>257</Function>
        </ChannelConfig>
        <ChannelConfig>
          <Axis>1</Axis>
          <Is32Bit>false</Is32Bit>
          <Function>262</Function>
        </ChannelConfig>
      </DigitalConfig>
    </SampleConfig>
    <SampleConfig>
      <DriverSeries>0</DriverSeries>
      <BusType>0</BusType>
      <Name>Velocity Mode Operating Status</Name>
      <Description />
      <Remark />
      <SampleMode>0</SampleMode>
      <SampleInteval>1</SampleInteval>
      <TriggerSource>1</TriggerSource>
      <TriggerCondition>1</TriggerCondition>
      <TriggerMode>0</TriggerMode>
      <TriggerThreshold>20</TriggerThreshold>
      <TriggerPostion>20</TriggerPostion>
      <AnalogConfig>
        <ChannelConfig>
          <Axis>1</Axis>
          <Is32Bit>false</Is32Bit>
          <Function>64</Function>
        </ChannelConfig>
        <ChannelConfig>
          <Axis>1</Axis>
          <Is32Bit>false</Is32Bit>
          <Function>65</Function>
        </ChannelConfig>
        <ChannelConfig>
          <Axis>1</Axis>
          <Is32Bit>false</Is32Bit>
          <Function>72</Function>
        </ChannelConfig>
        <ChannelConfig>
          <Axis>1</Axis>
          <Is32Bit>false</Is32Bit>
          <Function>66</Function>
        </ChannelConfig>
        <ChannelConfig>
          <Axis>1</Axis>
          <Is32Bit>false</Is32Bit>
          <Function>129</Function>
        </ChannelConfig>
        <ChannelConfig>
          <Axis>1</Axis>
          <Is32Bit>false</Is32Bit>
          <Function>384</Function>
        </ChannelConfig>
      </AnalogConfig>
      <DigitalConfig>
        <ChannelConfig>
          <Axis>1</Axis>
          <Is32Bit>false</Is32Bit>
          <Function>258</Function>
        </ChannelConfig>
        <ChannelConfig>
          <Axis>1</Axis>
          <Is32Bit>false</Is32Bit>
          <Function>264</Function>
        </ChannelConfig>
        <ChannelConfig>
          <Axis>1</Axis>
          <Is32Bit>false</Is32Bit>
          <Function>257</Function>
        </ChannelConfig>
        <ChannelConfig>
          <Axis>1</Axis>
          <Is32Bit>false</Is32Bit>
          <Function>262</Function>
        </ChannelConfig>
      </DigitalConfig>
    </SampleConfig>
    <SampleConfig>
      <DriverSeries>0</DriverSeries>
      <BusType>0</BusType>
      <Name>Torque Mode Operating Status</Name>
      <Description />
      <Remark />
      <SampleMode>0</SampleMode>
      <SampleInteval>1</SampleInteval>
      <TriggerSource>1</TriggerSource>
      <TriggerCondition>1</TriggerCondition>
      <TriggerMode>0</TriggerMode>
      <TriggerThreshold>20</TriggerThreshold>
      <TriggerPostion>20</TriggerPostion>
      <AnalogConfig>
        <ChannelConfig>
          <Axis>1</Axis>
          <Is32Bit>false</Is32Bit>
          <Function>65</Function>
        </ChannelConfig>
        <ChannelConfig>
          <Axis>1</Axis>
          <Is32Bit>false</Is32Bit>
          <Function>72</Function>
        </ChannelConfig>
        <ChannelConfig>
          <Axis>1</Axis>
          <Is32Bit>false</Is32Bit>
          <Function>128</Function>
        </ChannelConfig>
        <ChannelConfig>
          <Axis>1</Axis>
          <Is32Bit>false</Is32Bit>
          <Function>129</Function>
        </ChannelConfig>
        <ChannelConfig>
          <Axis>1</Axis>
          <Is32Bit>false</Is32Bit>
          <Function>320</Function>
        </ChannelConfig>
        <ChannelConfig>
          <Axis>1</Axis>
          <Is32Bit>false</Is32Bit>
          <Function>386</Function>
        </ChannelConfig>
      </AnalogConfig>
      <DigitalConfig>
        <ChannelConfig>
          <Axis>1</Axis>
          <Is32Bit>false</Is32Bit>
          <Function>258</Function>
        </ChannelConfig>
        <ChannelConfig>
          <Axis>1</Axis>
          <Is32Bit>false</Is32Bit>
          <Function>262</Function>
        </ChannelConfig>
        <ChannelConfig>
          <Axis>1</Axis>
          <Is32Bit>false</Is32Bit>
          <Function>257</Function>
        </ChannelConfig>
        <ChannelConfig>
          <Axis>1</Axis>
          <Is32Bit>false</Is32Bit>
          <Function>260</Function>
        </ChannelConfig>
      </DigitalConfig>
    </SampleConfig>
    <SampleConfig>
      <DriverSeries>0</DriverSeries>
      <BusType>0</BusType>
      <Name>Pressure Servo Debugging</Name>
      <Description />
      <Remark />
      <SampleMode>0</SampleMode>
      <SampleInteval>1</SampleInteval>
      <TriggerSource>1</TriggerSource>
      <TriggerCondition>1</TriggerCondition>
      <TriggerMode>0</TriggerMode>
      <TriggerThreshold>0</TriggerThreshold>
      <TriggerPostion>0</TriggerPostion>
      <AnalogConfig>
        <ChannelConfig>
          <Axis>1</Axis>
          <Is32Bit>true</Is32Bit>
          <Function>465</Function>
        </ChannelConfig>
        <ChannelConfig>
          <Axis>1</Axis>
          <Is32Bit>true</Is32Bit>
          <Function>466</Function>
        </ChannelConfig>
        <ChannelConfig>
          <Axis>1</Axis>
          <Is32Bit>false</Is32Bit>
          <Function>72</Function>
        </ChannelConfig>
        <ChannelConfig>
          <Axis>1</Axis>
          <Is32Bit>false</Is32Bit>
          <Function>64</Function>
        </ChannelConfig>
        <ChannelConfig>
          <Axis>1</Axis>
          <Is32Bit>false</Is32Bit>
          <Function>128</Function>
        </ChannelConfig>
        <ChannelConfig>
          <Axis>1</Axis>
          <Is32Bit>false</Is32Bit>
          <Function>384</Function>
        </ChannelConfig>
      </AnalogConfig>
      <DigitalConfig>
        <ChannelConfig>
          <Axis>1</Axis>
          <Is32Bit>false</Is32Bit>
          <Function>257</Function>
        </ChannelConfig>
        <ChannelConfig>
          <Axis>1</Axis>
          <Is32Bit>false</Is32Bit>
          <Function>260</Function>
        </ChannelConfig>
        <ChannelConfig>
          <Axis>1</Axis>
          <Is32Bit>false</Is32Bit>
          <Function>258</Function>
        </ChannelConfig>
        <ChannelConfig>
          <Axis>1</Axis>
          <Is32Bit>false</Is32Bit>
          <Function>262</Function>
        </ChannelConfig>
      </DigitalConfig>
    </SampleConfig>
    <SampleConfig>
      <DriverSeries>0</DriverSeries>
      <BusType>0</BusType>
      <Name>Gantry System Analysis</Name>
      <Description />
      <Remark />
      <SampleMode>0</SampleMode>
      <SampleInteval>1</SampleInteval>
      <TriggerSource>1</TriggerSource>
      <TriggerCondition>1</TriggerCondition>
      <TriggerMode>0</TriggerMode>
      <TriggerThreshold>20</TriggerThreshold>
      <TriggerPostion>20</TriggerPostion>
      <AnalogConfig>
        <ChannelConfig>
          <Axis>1</Axis>
          <Is32Bit>false</Is32Bit>
          <Function>73</Function>
        </ChannelConfig>
        <ChannelConfig>
          <Axis>1</Axis>
          <Is32Bit>true</Is32Bit>
          <Function>3</Function>
        </ChannelConfig>
        <ChannelConfig>
          <Axis>1</Axis>
          <Is32Bit>false</Is32Bit>
          <Function>129</Function>
        </ChannelConfig>
        <ChannelConfig>
          <Axis>1</Axis>
          <Is32Bit>false</Is32Bit>
          <Function>72</Function>
        </ChannelConfig>
        <ChannelConfig>
          <Axis>1</Axis>
          <Is32Bit>false</Is32Bit>
          <Function>768</Function>
        </ChannelConfig>
        <ChannelConfig>
          <Axis>1</Axis>
          <Is32Bit>true</Is32Bit>
          <Function>773</Function>
        </ChannelConfig>
      </AnalogConfig>
      <DigitalConfig>
        <ChannelConfig>
          <Axis>1</Axis>
          <Is32Bit>false</Is32Bit>
          <Function>257</Function>
        </ChannelConfig>
        <ChannelConfig>
          <Axis>1</Axis>
          <Is32Bit>false</Is32Bit>
          <Function>260</Function>
        </ChannelConfig>
        <ChannelConfig>
          <Axis>1</Axis>
          <Is32Bit>false</Is32Bit>
          <Function>258</Function>
        </ChannelConfig>
        <ChannelConfig>
          <Axis>1</Axis>
          <Is32Bit>false</Is32Bit>
          <Function>262</Function>
        </ChannelConfig>
      </DigitalConfig>
    </SampleConfig>
    <SampleConfig>
      <DriverSeries>0</DriverSeries>
      <BusType>0</BusType>
      <Name>Full Closed-Loop System Analysis</Name>
      <Description />
      <Remark />
      <SampleMode>0</SampleMode>
      <SampleInteval>1</SampleInteval>
      <TriggerSource>1</TriggerSource>
      <TriggerCondition>1</TriggerCondition>
      <TriggerMode>0</TriggerMode>
      <TriggerThreshold>20</TriggerThreshold>
      <TriggerPostion>20</TriggerPostion>
      <AnalogConfig>
        <ChannelConfig>
          <Axis>1</Axis>
          <Is32Bit>false</Is32Bit>
          <Function>73</Function>
        </ChannelConfig>
        <ChannelConfig>
          <Axis>1</Axis>
          <Is32Bit>true</Is32Bit>
          <Function>3</Function>
        </ChannelConfig>
        <ChannelConfig>
          <Axis>1</Axis>
          <Is32Bit>false</Is32Bit>
          <Function>72</Function>
        </ChannelConfig>
        <ChannelConfig>
          <Axis>1</Axis>
          <Is32Bit>true</Is32Bit>
          <Function>389</Function>
        </ChannelConfig>
        <ChannelConfig>
          <Axis>1</Axis>
          <Is32Bit>true</Is32Bit>
          <Function>388</Function>
        </ChannelConfig>
        <ChannelConfig>
          <Axis>1</Axis>
          <Is32Bit>false</Is32Bit>
          <Function>128</Function>
        </ChannelConfig>
      </AnalogConfig>
      <DigitalConfig>
        <ChannelConfig>
          <Axis>1</Axis>
          <Is32Bit>false</Is32Bit>
          <Function>257</Function>
        </ChannelConfig>
        <ChannelConfig>
          <Axis>1</Axis>
          <Is32Bit>false</Is32Bit>
          <Function>260</Function>
        </ChannelConfig>
        <ChannelConfig>
          <Axis>1</Axis>
          <Is32Bit>false</Is32Bit>
          <Function>258</Function>
        </ChannelConfig>
        <ChannelConfig>
          <Axis>1</Axis>
          <Is32Bit>false</Is32Bit>
          <Function>9</Function>
        </ChannelConfig>
      </DigitalConfig>
    </SampleConfig>
  </SampleConfigs>
</OscilloscopeConfig>
