<profile><Preferences><PulseSpeed>0</PulseSpeed><Profile>Mach3Mill</Profile><Layout>1024.set</Layout><FirstRun>1</FirstRun><Units>0</Units><Serial>0</Serial><Port2Input>0</Port2Input><GeckoMode>0</GeckoMode><USBINPUTS>16</USBINPUTS><USBOUTPUTS>16</USBOUTPUTS><Port2On>0</Port2On><Port1On>1</Port1On><Port1Add>888</Port1Add><Port2Add>632</Port2Add><MaxCL>0</MaxCL><MaxNC10>0</MaxNC10><Motor0Active>1</Motor0Active><Motor0DirNeg>1</Motor0DirNeg><Motor0DirPort>0</Motor0DirPort><Motor0DirPin>0</Motor0DirPin><Motor0StepNeg>1</Motor0StepNeg><Motor0StepPort>0</Motor0StepPort><Motor0StepPin>0</Motor0StepPin><Motor1Active>1</Motor1Active><Motor1DirNeg>1</Motor1DirNeg><Motor1DirPort>0</Motor1DirPort><Motor1DirPin>0</Motor1DirPin><Motor1StepNeg>1</Motor1StepNeg><Motor1StepPort>0</Motor1StepPort><Motor1StepPin>0</Motor1StepPin><Motor2Active>1</Motor2Active><Motor2DirNeg>1</Motor2DirNeg><Motor2DirPort>0</Motor2DirPort><Motor2DirPin>0</Motor2DirPin><Motor2StepNeg>1</Motor2StepNeg><Motor2StepPort>0</Motor2StepPort><Motor2StepPin>0</Motor2StepPin><Motor3Active>1</Motor3Active><Motor3DirNeg>1</Motor3DirNeg><Motor3DirPort>0</Motor3DirPort><Motor3DirPin>0</Motor3DirPin><Motor3StepNeg>1</Motor3StepNeg><Motor3StepPort>0</Motor3StepPort><Motor3StepPin>0</Motor3StepPin><Motor4Active>0</Motor4Active><Motor4DirNeg>0</Motor4DirNeg><Motor4DirPort>0</Motor4DirPort><Motor4DirPin>0</Motor4DirPin><Motor4StepNeg>0</Motor4StepNeg><Motor4StepPort>0</Motor4StepPort><Motor4StepPin>0</Motor4StepPin><Motor5Active>0</Motor5Active><Motor5DirNeg>0</Motor5DirNeg><Motor5DirPort>0</Motor5DirPort><Motor5DirPin>0</Motor5DirPin><Motor5StepNeg>0</Motor5StepNeg><Motor5StepPort>0</Motor5StepPort><Motor5StepPin>0</Motor5StepPin><Motor6Active>0</Motor6Active><Motor6DirNeg>0</Motor6DirNeg><Motor6DirPort>1</Motor6DirPort><Motor6DirPin>1</Motor6DirPin><Motor6StepNeg>0</Motor6StepNeg><Motor6StepPort>3</Motor6StepPort><Motor6StepPin>3</Motor6StepPin><Input0Active>0</Input0Active><Input0Port>3</Input0Port><Input0Pin>2</Input0Pin><Input0Neg>0</Input0Neg><Input0Emulated>0</Input0Emulated><Input0EmuKey>0</Input0EmuKey><Input1Active>0</Input1Active><Input1Port>3</Input1Port><Input1Pin>2</Input1Pin><Input1Neg>0</Input1Neg><Input1Emulated>0</Input1Emulated><Input1EmuKey>0</Input1EmuKey><Input2Active>0</Input2Active><Input2Port>3</Input2Port><Input2Pin>2</Input2Pin><Input2Neg>0</Input2Neg><Input2Emulated>0</Input2Emulated><Input2EmuKey>0</Input2EmuKey><Input3Active>0</Input3Active><Input3Port>3</Input3Port><Input3Pin>2</Input3Pin><Input3Neg>0</Input3Neg><Input3Emulated>0</Input3Emulated><Input3EmuKey>0</Input3EmuKey><Input4Active>0</Input4Active><Input4Port>3</Input4Port><Input4Pin>2</Input4Pin><Input4Neg>0</Input4Neg><Input4Emulated>0</Input4Emulated><Input4EmuKey>0</Input4EmuKey><Input5Active>0</Input5Active><Input5Port>3</Input5Port><Input5Pin>2</Input5Pin><Input5Neg>0</Input5Neg><Input5Emulated>0</Input5Emulated><Input5EmuKey>0</Input5EmuKey><Input6Active>0</Input6Active><Input6Port>3</Input6Port><Input6Pin>2</Input6Pin><Input6Neg>0</Input6Neg><Input6Emulated>0</Input6Emulated><Input6EmuKey>0</Input6EmuKey><Input7Active>0</Input7Active><Input7Port>3</Input7Port><Input7Pin>2</Input7Pin><Input7Neg>0</Input7Neg><Input7Emulated>0</Input7Emulated><Input7EmuKey>0</Input7EmuKey><Input8Active>0</Input8Active><Input8Port>3</Input8Port><Input8Pin>2</Input8Pin><Input8Neg>0</Input8Neg><Input8Emulated>0</Input8Emulated><Input8EmuKey>0</Input8EmuKey><Input9Active>0</Input9Active><Input9Port>3</Input9Port><Input9Pin>2</Input9Pin><Input9Neg>0</Input9Neg><Input9Emulated>0</Input9Emulated><Input9EmuKey>0</Input9EmuKey><Input10Active>0</Input10Active><Input10Port>3</Input10Port><Input10Pin>2</Input10Pin><Input10Neg>0</Input10Neg><Input10Emulated>0</Input10Emulated><Input10EmuKey>0</Input10EmuKey><Input11Active>0</Input11Active><Input11Port>3</Input11Port><Input11Pin>2</Input11Pin><Input11Neg>0</Input11Neg><Input11Emulated>0</Input11Emulated><Input11EmuKey>0</Input11EmuKey><Input12Active>0</Input12Active><Input12Port>1</Input12Port><Input12Pin>0</Input12Pin><Input12Neg>0</Input12Neg><Input12Emulated>0</Input12Emulated><Input12EmuKey>0</Input12EmuKey><Input13Active>0</Input13Active><Input13Port>1</Input13Port><Input13Pin>0</Input13Pin><Input13Neg>0</Input13Neg><Input13Emulated>0</Input13Emulated><Input13EmuKey>0</Input13EmuKey><Input14Active>0</Input14Active><Input14Port>1</Input14Port><Input14Pin>0</Input14Pin><Input14Neg>0</Input14Neg><Input14Emulated>0</Input14Emulated><Input14EmuKey>0</Input14EmuKey><Input15Active>0</Input15Active><Input15Port>1</Input15Port><Input15Pin>0</Input15Pin><Input15Neg>0</Input15Neg><Input15Emulated>0</Input15Emulated><Input15EmuKey>0</Input15EmuKey><Input16Active>0</Input16Active><Input16Port>1</Input16Port><Input16Pin>0</Input16Pin><Input16Neg>0</Input16Neg><Input16Emulated>0</Input16Emulated><Input16EmuKey>0</Input16EmuKey><Input17Active>0</Input17Active><Input17Port>1</Input17Port><Input17Pin>0</Input17Pin><Input17Neg>0</Input17Neg><Input17Emulated>0</Input17Emulated><Input17EmuKey>0</Input17EmuKey><Input18Active>1</Input18Active><Input18Port>3</Input18Port><Input18Pin>1</Input18Pin><Input18Neg>0</Input18Neg><Input18Emulated>0</Input18Emulated><Input18EmuKey>0</Input18EmuKey><Input19Active>1</Input19Active><Input19Port>3</Input19Port><Input19Pin>2</Input19Pin><Input19Neg>0</Input19Neg><Input19Emulated>0</Input19Emulated><Input19EmuKey>0</Input19EmuKey><Input20Active>1</Input20Active><Input20Port>3</Input20Port><Input20Pin>3</Input20Pin><Input20Neg>0</Input20Neg><Input20Emulated>0</Input20Emulated><Input20EmuKey>0</Input20EmuKey><Input21Active>1</Input21Active><Input21Port>3</Input21Port><Input21Pin>4</Input21Pin><Input21Neg>0</Input21Neg><Input21Emulated>0</Input21Emulated><Input21EmuKey>0</Input21EmuKey><Input22Active>0</Input22Active><Input22Port>3</Input22Port><Input22Pin>4</Input22Pin><Input22Neg>0</Input22Neg><Input22Emulated>0</Input22Emulated><Input22EmuKey>0</Input22EmuKey><Input23Active>0</Input23Active><Input23Port>1</Input23Port><Input23Pin>0</Input23Pin><Input23Neg>0</Input23Neg><Input23Emulated>0</Input23Emulated><Input23EmuKey>0</Input23EmuKey><Input24Active>0</Input24Active><Input24Port>3</Input24Port><Input24Pin>3</Input24Pin><Input24Neg>0</Input24Neg><Input24Emulated>0</Input24Emulated><Input24EmuKey>0</Input24EmuKey><Input25Active>1</Input25Active><Input25Port>3</Input25Port><Input25Pin>4</Input25Pin><Input25Neg>0</Input25Neg><Input25Emulated>0</Input25Emulated><Input25EmuKey>0</Input25EmuKey><Input26Active>0</Input26Active><Input26Port>1</Input26Port><Input26Pin>0</Input26Pin><Input26Neg>0</Input26Neg><Input26Emulated>0</Input26Emulated><Input26EmuKey>0</Input26EmuKey><Input27Active>0</Input27Active><Input27Port>1</Input27Port><Input27Pin>0</Input27Pin><Input27Neg>0</Input27Neg><Input27Emulated>0</Input27Emulated><Input27EmuKey>0</Input27EmuKey><Input28Active>0</Input28Active><Input28Port>1</Input28Port><Input28Pin>0</Input28Pin><Input28Neg>0</Input28Neg><Input28Emulated>0</Input28Emulated><Input28EmuKey>0</Input28EmuKey><Input29Active>1</Input29Active><Input29Port>3</Input29Port><Input29Pin>5</Input29Pin><Input29Neg>0</Input29Neg><Input29Emulated>0</Input29Emulated><Input29EmuKey>0</Input29EmuKey><Input30Active>1</Input30Active><Input30Port>3</Input30Port><Input30Pin>6</Input30Pin><Input30Neg>0</Input30Neg><Input30Emulated>0</Input30Emulated><Input30EmuKey>0</Input30EmuKey><Input31Active>1</Input31Active><Input31Port>3</Input31Port><Input31Pin>7</Input31Pin><Input31Neg>0</Input31Neg><Input31Emulated>0</Input31Emulated><Input31EmuKey>0</Input31EmuKey><Input32Active>1</Input32Active><Input32Port>3</Input32Port><Input32Pin>8</Input32Pin><Input32Neg>0</Input32Neg><Input32Emulated>0</Input32Emulated><Input32EmuKey>0</Input32EmuKey><Input33Active>0</Input33Active><Input33Port>1</Input33Port><Input33Pin>0</Input33Pin><Input33Neg>0</Input33Neg><Input33Emulated>0</Input33Emulated><Input33EmuKey>0</Input33EmuKey><Input34Active>0</Input34Active><Input34Port>0</Input34Port><Input34Pin>0</Input34Pin><Input34Neg>0</Input34Neg><Input34Emulated>0</Input34Emulated><Input34EmuKey>0</Input34EmuKey><Input35Active>0</Input35Active><Input35Port>0</Input35Port><Input35Pin>0</Input35Pin><Input35Neg>0</Input35Neg><Input35Emulated>0</Input35Emulated><Input35EmuKey>0</Input35EmuKey><Input36Active>0</Input36Active><Input36Port>0</Input36Port><Input36Pin>0</Input36Pin><Input36Neg>0</Input36Neg><Input36Emulated>0</Input36Emulated><Input36EmuKey>0</Input36EmuKey><Input37Active>0</Input37Active><Input37Port>0</Input37Port><Input37Pin>0</Input37Pin><Input37Neg>0</Input37Neg><Input37Emulated>0</Input37Emulated><Input37EmuKey>0</Input37EmuKey><Input38Active>0</Input38Active><Input38Port>0</Input38Port><Input38Pin>0</Input38Pin><Input38Neg>0</Input38Neg><Input38Emulated>0</Input38Emulated><Input38EmuKey>0</Input38EmuKey><Input39Active>0</Input39Active><Input39Port>0</Input39Port><Input39Pin>0</Input39Pin><Input39Neg>0</Input39Neg><Input39Emulated>0</Input39Emulated><Input39EmuKey>0</Input39EmuKey><Input40Active>0</Input40Active><Input40Port>0</Input40Port><Input40Pin>0</Input40Pin><Input40Neg>0</Input40Neg><Input40Emulated>0</Input40Emulated><Input40EmuKey>0</Input40EmuKey><Input41Active>0</Input41Active><Input41Port>0</Input41Port><Input41Pin>0</Input41Pin><Input41Neg>0</Input41Neg><Input41Emulated>0</Input41Emulated><Input41EmuKey>0</Input41EmuKey><Input42Active>0</Input42Active><Input42Port>0</Input42Port><Input42Pin>0</Input42Pin><Input42Neg>0</Input42Neg><Input42Emulated>0</Input42Emulated><Input42EmuKey>0</Input42EmuKey><Input43Active>0</Input43Active><Input43Port>0</Input43Port><Input43Pin>0</Input43Pin><Input43Neg>0</Input43Neg><Input43Emulated>0</Input43Emulated><Input43EmuKey>0</Input43EmuKey><Input44Active>0</Input44Active><Input44Port>0</Input44Port><Input44Pin>0</Input44Pin><Input44Neg>0</Input44Neg><Input44Emulated>0</Input44Emulated><Input44EmuKey>0</Input44EmuKey><Input45Active>0</Input45Active><Input45Port>0</Input45Port><Input45Pin>0</Input45Pin><Input45Neg>0</Input45Neg><Input45Emulated>0</Input45Emulated><Input45EmuKey>0</Input45EmuKey><Input46Active>0</Input46Active><Input46Port>0</Input46Port><Input46Pin>0</Input46Pin><Input46Neg>0</Input46Neg><Input46Emulated>0</Input46Emulated><Input46EmuKey>0</Input46EmuKey><Input47Active>0</Input47Active><Input47Port>0</Input47Port><Input47Pin>0</Input47Pin><Input47Neg>0</Input47Neg><Input47Emulated>0</Input47Emulated><Input47EmuKey>0</Input47EmuKey><Input48Active>0</Input48Active><Input48Port>0</Input48Port><Input48Pin>0</Input48Pin><Input48Neg>0</Input48Neg><Input48Emulated>0</Input48Emulated><Input48EmuKey>0</Input48EmuKey><Input49Active>0</Input49Active><Input49Port>0</Input49Port><Input49Pin>0</Input49Pin><Input49Neg>0</Input49Neg><Input49Emulated>0</Input49Emulated><Input49EmuKey>0</Input49EmuKey><Input50Active>0</Input50Active><Input50Port>0</Input50Port><Input50Pin>0</Input50Pin><Input50Neg>0</Input50Neg><Input50Emulated>0</Input50Emulated><Input50EmuKey>0</Input50EmuKey><Input51Active>0</Input51Active><Input51Port>0</Input51Port><Input51Pin>0</Input51Pin><Input51Neg>0</Input51Neg><Input51Emulated>0</Input51Emulated><Input51EmuKey>0</Input51EmuKey><Input52Active>0</Input52Active><Input52Port>0</Input52Port><Input52Pin>0</Input52Pin><Input52Neg>0</Input52Neg><Input52Emulated>0</Input52Emulated><Input52EmuKey>0</Input52EmuKey><Output0Active>0</Output0Active><Output0Port>1</Output0Port><Output0Pin>0</Output0Pin><Output0Neg>0</Output0Neg><Output1Active>0</Output1Active><Output1Port>1</Output1Port><Output1Pin>0</Output1Pin><Output1Neg>0</Output1Neg><Output2Active>0</Output2Active><Output2Port>1</Output2Port><Output2Pin>0</Output2Pin><Output2Neg>0</Output2Neg><Output3Active>0</Output3Active><Output3Port>1</Output3Port><Output3Pin>0</Output3Pin><Output3Neg>0</Output3Neg><Output4Active>0</Output4Active><Output4Port>1</Output4Port><Output4Pin>0</Output4Pin><Output4Neg>0</Output4Neg><Output5Active>0</Output5Active><Output5Port>1</Output5Port><Output5Pin>0</Output5Pin><Output5Neg>0</Output5Neg><Output6Active>0</Output6Active><Output6Port>1</Output6Port><Output6Pin>0</Output6Pin><Output6Neg>0</Output6Neg><Output7Active>1</Output7Active><Output7Port>3</Output7Port><Output7Pin>1</Output7Pin><Output7Neg>0</Output7Neg><Output8Active>1</Output8Active><Output8Port>3</Output8Port><Output8Pin>2</Output8Pin><Output8Neg>0</Output8Neg><Output9Active>1</Output9Active><Output9Port>3</Output9Port><Output9Pin>3</Output9Pin><Output9Neg>0</Output9Neg><Output10Active>1</Output10Active><Output10Port>3</Output10Port><Output10Pin>4</Output10Pin><Output10Neg>0</Output10Neg><Output11Active>0</Output11Active><Output11Port>3</Output11Port><Output11Pin>5</Output11Pin><Output11Neg>0</Output11Neg><Output12Active>0</Output12Active><Output12Port>3</Output12Port><Output12Pin>6</Output12Pin><Output12Neg>0</Output12Neg><Output13Active>0</Output13Active><Output13Port>1</Output13Port><Output13Pin>0</Output13Pin><Output13Neg>0</Output13Neg><Output14Active>0</Output14Active><Output14Port>1</Output14Port><Output14Pin>0</Output14Pin><Output14Neg>0</Output14Neg><Output15Active>0</Output15Active><Output15Port>1</Output15Port><Output15Pin>0</Output15Pin><Output15Neg>0</Output15Neg><Output16Active>0</Output16Active><Output16Port>1</Output16Port><Output16Pin>0</Output16Pin><Output16Neg>0</Output16Neg><Output17Active>0</Output17Active><Output17Port>1</Output17Port><Output17Pin>0</Output17Pin><Output17Neg>0</Output17Neg><Output18Active>0</Output18Active><Output18Port>1</Output18Port><Output18Pin>0</Output18Pin><Output18Neg>0</Output18Neg><Output19Active>0</Output19Active><Output19Port>1</Output19Port><Output19Pin>0</Output19Pin><Output19Neg>0</Output19Neg><Output20Active>0</Output20Active><Output20Port>1</Output20Port><Output20Pin>0</Output20Pin><Output20Neg>0</Output20Neg><Output21Active>0</Output21Active><Output21Port>1</Output21Port><Output21Pin>0</Output21Pin><Output21Neg>0</Output21Neg><Output22Active>0</Output22Active><Output22Port>1</Output22Port><Output22Pin>0</Output22Pin><Output22Neg>0</Output22Neg><Output23Active>0</Output23Active><Output23Port>1</Output23Port><Output23Pin>0</Output23Pin><Output23Neg>0</Output23Neg><Output24Active>0</Output24Active><Output24Port>1</Output24Port><Output24Pin>0</Output24Pin><Output24Neg>0</Output24Neg><Output25Active>0</Output25Active><Output25Port>1</Output25Port><Output25Pin>0</Output25Pin><Output25Neg>0</Output25Neg><Output26Active>0</Output26Active><Output26Port>1</Output26Port><Output26Pin>0</Output26Pin><Output26Neg>0</Output26Neg><Output27Active>0</Output27Active><Output27Port>1</Output27Port><Output27Pin>0</Output27Pin><Output27Neg>0</Output27Neg><Output28Active>0</Output28Active><Output28Port>1</Output28Port><Output28Pin>0</Output28Pin><Output28Neg>0</Output28Neg><Output29Active>0</Output29Active><Output29Port>1</Output29Port><Output29Pin>0</Output29Pin><Output29Neg>0</Output29Neg><Output30Active>0</Output30Active><Output30Port>0</Output30Port><Output30Pin>0</Output30Pin><Output30Neg>0</Output30Neg><Encoder0Active>0</Encoder0Active><Encoder0APort>0</Encoder0APort><Encoder0APin>0</Encoder0APin><Encoder0BPort>0</Encoder0BPort><Encoder0BPin>0</Encoder0BPin><Encoder0Cal>1.000000</Encoder0Cal><Encoder1Active>0</Encoder1Active><Encoder1APort>0</Encoder1APort><Encoder1APin>0</Encoder1APin><Encoder1BPort>0</Encoder1BPort><Encoder1BPin>0</Encoder1BPin><Encoder1Cal>1.000000</Encoder1Cal><Encoder2Active>0</Encoder2Active><Encoder2APort>0</Encoder2APort><Encoder2APin>0</Encoder2APin><Encoder2BPort>0</Encoder2BPort><Encoder2BPin>0</Encoder2BPin><Encoder2Cal>1.000000</Encoder2Cal><Encoder3Active>0</Encoder3Active><Encoder3APort>0</Encoder3APort><Encoder3APin>0</Encoder3APin><Encoder3BPort>0</Encoder3BPort><Encoder3BPin>0</Encoder3BPin><Encoder3Cal>1.000000</Encoder3Cal><Encoder4Active>1</Encoder4Active><Encoder4APort>0</Encoder4APort><Encoder4APin>0</Encoder4APin><Encoder4BPort>0</Encoder4BPort><Encoder4BPin>0</Encoder4BPin><Encoder4Cal>1.000000</Encoder4Cal><Encoder5Active>0</Encoder5Active><Encoder5APort>0</Encoder5APort><Encoder5APin>0</Encoder5APin><Encoder5BPort>0</Encoder5BPort><Encoder5BPin>0</Encoder5BPin><Encoder5Cal>1.000000</Encoder5Cal><Encoder6Active>0</Encoder6Active><Encoder6APort>0</Encoder6APort><Encoder6APin>0</Encoder6APin><Encoder6BPort>0</Encoder6BPort><Encoder6BPin>0</Encoder6BPin><Encoder6Cal>1.000000</Encoder6Cal><Encoder7Active>0</Encoder7Active><Encoder7APort>0</Encoder7APort><Encoder7APin>0</Encoder7APin><Encoder7BPort>0</Encoder7BPort><Encoder7BPin>0</Encoder7BPin><Encoder7Cal></Encoder7Cal><Configured>1</Configured><SlavePrim>0</SlavePrim><Slave>-1</Slave><AxisKeys0>39</AxisKeys0><AxisKeys1>37</AxisKeys1><AxisKeys2>38</AxisKeys2><AxisKeys3>40</AxisKeys3><AxisKeys4>33</AxisKeys4><AxisKeys5>34</AxisKeys5><AxisKeys6>45</AxisKeys6><AxisKeys7>46</AxisKeys7><AxisKeys8>999</AxisKeys8><AxisKeys9>999</AxisKeys9><AxisKeys10>999</AxisKeys10><AxisKeys11>999</AxisKeys11><DROHotKey>999</DROHotKey><ListKey>999</ListKey><MDIHotKey>999</MDIHotKey><GCodeHotKey>999</GCodeHotKey><OEM1>185</OEM1><OEM2>186</OEM2><OEM3>187</OEM3><OEM4>188</OEM4><OEM5>-1</OEM5><OEM6>-1</OEM6><PulseWidth>0</PulseWidth><DirPulse>0</DirPulse><BackX>0.</BackX><BackY>0.</BackY><BackZ>0.</BackZ><BackA>0.</BackA><BackB>0.</BackB><BackC>0.</BackC><BackSpeed>20.</BackSpeed><BB>0.</BB><BR>0.</BR><BG>0.</BG><FB>1.</FB><FR>0.</FR><FG>0.</FG><RB>0.</RB><RR>1.</RR><RG>0.</RG><AB>0.7</AB><AR>0.7</AR><AG>0.2</AG><EG>1.</EG><ER>1.</ER><EB>0.</EB><JogFollow>0</JogFollow><G92Off>1</G92Off><RadiusCompOff>1</RadiusCompOff><Debounce>0</Debounce><PlasmaMode>0</PlasmaMode><NoAngle>0</NoAngle><AAngular>1</AAngular><BAngular>1</BAngular><CAngular>1</CAngular><IndexDebounce>0</IndexDebounce><DROPERSIST>1</DROPERSIST><DwellinMilli>0</DwellinMilli><IJMode>1</IJMode><INIT>G80</INIT><InitAllResets>0</InitAllResets><AutoScreens>1</AutoScreens><TORCHVON>0</TORCHVON><TORCHVOLTS>0</TORCHVOLTS><HWSAFE>1</HWSAFE><ShortRot>0</ShortRot><LookAhead>20</LookAhead><WatchDog>0</WatchDog><Plane>0</Plane><MPG1>0</MPG1><MPG2>0</MPG2><HotKeysPersist>0</HotKeysPersist><HoldInput1>0</HoldInput1><M3s>66</M3s><UseCR>0</UseCR><PlasmaHome>0</PlasmaHome><Homann>0</Homann><UseSLS>0</UseSLS><Dist0>1.5e+002</Dist0><Dist1>1.6e+002</Dist1><Dist2>24</Dist2><Dist3>1.</Dist3><Dist4>0.</Dist4><Dist5>0.</Dist5><OverMode2>0</OverMode2><BitPack1>0</BitPack1><BitPack1Reg>16</BitPack1Reg><BitPackOut>0</BitPackOut><BitPackOutReg>16</BitPackOutReg><LaserPort>1</LaserPort><LaserBaud>9600</LaserBaud><LaserStops>1</LaserStops><LaserData>1</LaserData><LaserInit>&gt;</LaserInit><LaserCommand>&gt;</LaserCommand><MacroPump>0</MacroPump><VelMode>0</VelMode><VelPer1>5.</VelPer1><VelPer2>5.</VelPer2><MPGFeed>1.e+002</MPGFeed><ModSpindleCal>1.638e+004</ModSpindleCal><ModSpindleOn>0</ModSpindleOn><ModSpindleReg>64</ModSpindleReg><ShuttleAccel>8192</ShuttleAccel><Flash>1</Flash><ImmediateOff>0</ImmediateOff><UseSafeZ>0</UseSafeZ><AdvancedComp>1</AdvancedComp><TorchOff>0</TorchOff><LaserStandby>0</LaserStandby><RaiseLower>0</RaiseLower><OEMDUAL>0</OEMDUAL><IncBuffer>5</IncBuffer><Formula0>x</Formula0><Formula1>y</Formula1><Formula2>z</Formula2><Formula3>a</Formula3><Formula4>b</Formula4><Formula5>c</Formula5><Formular>0</Formular><PanelOut>350</PanelOut><nModBusReg>0</nModBusReg><ModBusRegOn>0</ModBusRegOn><Tool>0</Tool><Sherline>0</Sherline><ToolPost>1</ToolPost><RapidOverRide>0</RapidOverRide><XCLength>1.3e+003</XCLength><YCLength>1.3e+003</YCLength><ZCLength>1.3e+003</ZCLength><ToolPostOffset>0.</ToolPostOffset><OEM7>-1</OEM7><OEM8>-1</OEM8><OEM9>-1</OEM9><OEM10>-1</OEM10><OEM11>-1</OEM11><OEM12>-1</OEM12><OEM13>-1</OEM13><OEM14>-1</OEM14><OEM15>-1</OEM15><MPGVel0>1.e+002</MPGVel0><MPGVel1>1.e+002</MPGVel1><MPGVel2>1.e+002</MPGVel2><MPGVel3>1.e+002</MPGVel3><MPGVel4>1.e+002</MPGVel4><MPGVel5>1.e+002</MPGVel5><MPGVel6>1.e+002</MPGVel6><ByPassFeed>1.e+003</ByPassFeed><XMapOn>0</XMapOn><YMapOn>0</YMapOn><ZMapOn>0</ZMapOn><SecondsOn>132776</SecondsOn><SerialType>0</SerialType><SpinAverage>0</SpinAverage><Dig4Axis>0</Dig4Axis><DigLetter>0</DigLetter><CutType>0</CutType><InfeedType>0</InfeedType><LastWizard>C:\Mach3\Addons\Cut Circle\Cut circle.set</LastWizard><Z25D>0</Z25D><ModBus>0</ModBus><ChargeAlwaysOn>0</ChargeAlwaysOn><ToolFlip>0</ToolFlip><SpinCCW>7</SpinCCW><SpinCW>7</SpinCW><Flood>9</Flood><Mist>10</Mist><SpinActual>0</SpinActual><SpinDelayCW>1.</SpinDelayCW><SpinDelayCCW>1.</SpinDelayCCW><SpinDownCW>1.</SpinDownCW><SpinDownCCW>1.</SpinDownCCW><StockSize>50</StockSize><ShowSolid>0</ShowSolid><RapidFeed>1.e+003</RapidFeed><MatRed>0.</MatRed><MatGreen>0.1</MatGreen><MatBlue>0.1</MatBlue><SpinP>0.25</SpinP><SpinI>1.</SpinI><SpinD>0.3</SpinD><SpinClosed>0</SpinClosed><MinPerPass>0.1</MinPerPass><NoSpindle>0</NoSpindle><NoFlood>0</NoFlood><PWMin>0</PWMin><PULLEY>0</PULLEY><SPEED1>24000</SPEED1><SPEED2>2000</SPEED2><SPEED3>4000</SPEED3><SPEED4>8000</SPEED4><LSPEED1>0</LSPEED1><LSPEED2>0</LSPEED2><LSPEED3>0</LSPEED3><LSPEED4>0</LSPEED4><PWM>1</PWM><RefSpeed0>20</RefSpeed0><RefSpeed1>20</RefSpeed1><RefSpeed2>20</RefSpeed2><RefSpeed3>20</RefSpeed3><RefSpeed4>20</RefSpeed4><RefSpeed5>20</RefSpeed5><M0SoftRamp>1.</M0SoftRamp><M1SoftRamp>1.</M1SoftRamp><M2SoftRamp>1.</M2SoftRamp><M3SoftRamp>1.</M3SoftRamp><M4SoftRamp>1.</M4SoftRamp><M5SoftRamp>1.</M5SoftRamp><FeedInc>5.</FeedInc><DepthLastPass>0.</DepthLastPass><InFeed>29.5</InFeed><Spring>1.</Spring><MinDepth>1.e-003</MinDepth><XClear>0.1</XClear><ZClear>0.1</ZClear><CutDepth>0.1</CutDepth><Chamfer>0.</Chamfer><DepthFirstPass>0.1</DepthFirstPass><M0Max>100.</M0Max><M1Max>100.</M1Max><M2Max>100.</M2Max><M3Max>100.</M3Max><M4Max>100.</M4Max><M5Max>100.</M5Max><M0Min>-100.</M0Min><M1Min>-100.</M1Min><M2Min>-100.</M2Min><M3Min>-100.</M3Min><M4Min>-100.</M4Min><M5Min>-100.</M5Min><M0Neg>0</M0Neg><M1Neg>0</M1Neg><M2Neg>0</M2Neg><M3Neg>0</M3Neg><M4Neg>0</M4Neg><M5Neg>0</M5Neg><M0AutoZero>1</M0AutoZero><M1AutoZero>1</M1AutoZero><M2AutoZero>1</M2AutoZero><M3AutoZero>1</M3AutoZero><M4AutoZero>1</M4AutoZero><M5AutoZero>1</M5AutoZero><M0Rev>0</M0Rev><M1Rev>0</M1Rev><M2Rev>0</M2Rev><M3Rev>0</M3Rev><M4Rev>0</M4Rev><M5Rev>0</M5Rev><M6Rev>0</M6Rev><OffPersist>1</OffPersist><Diameter>0</Diameter><OffDialogs>1</OffDialogs><G54Back>0</G54Back><GougeCheck>0</GougeCheck><AxisToMotor0>0</AxisToMotor0><AxisToMotor1>1</AxisToMotor1><AxisToMotor2>2</AxisToMotor2><AxisToMotor3>3</AxisToMotor3><AxisToMotor4>4</AxisToMotor4><AxisToMotor5>5</AxisToMotor5><AxisToMotor6>6</AxisToMotor6><JogActive>1</JogActive><BLState0>1</BLState0><BLState1>1</BLState1><BLState2>0</BLState2><BLState3>0</BLState3><BLState4>0</BLState4><BLState5>0</BLState5><SlowMode>0</SlowMode><JogPersist>1</JogPersist><ToolRotations>1</ToolRotations><SoftLimit>0</SoftLimit><JogMode>0</JogMode><JogMode2>0</JogMode2><EncJogAxis2>2</EncJogAxis2><TaperRatio>1.</TaperRatio><XStart>1593</XStart><YStart>8195</YStart><ZStart>1258</ZStart><AStart>-6263</AStart><BStart>0</BStart><CStart>0</CStart><SpinInc>10</SpinInc><Enc0>0.</Enc0><Enc1>0.</Enc1><Enc2>0.</Enc2><Enc3>0.</Enc3><TangentalControl>0</TangentalControl><BaudRate>9600</BaudRate><ComPort>1</ComPort><NoPlunge>0</NoPlunge><PlungeLimit>60</PlungeLimit><AutoTool>0</AutoTool><AutoSpindle>0</AutoSpindle><LaserMode>0</LaserMode><FeedMode>0</FeedMode><OriginSphere>0</OriginSphere><m_3dCompass>1</m_3dCompass><Boundries>0</Boundries><ToolPosition>1</ToolPosition><AParallel>0</AParallel><ZINHPersist>0</ZINHPersist><OVPersist>1</OVPersist><BacklashOn>0</BacklashOn><PathMode>2</PathMode><ThrottleFunc>2</ThrottleFunc><JoyOn>0</JoyOn><PWMBase>5000</PWMBase><JogSpeed>100.</JogSpeed><G73PullBack>0.1</G73PullBack><CVFeedOn>0</CVFeedOn><CVFeedRate>1.</CVFeedRate><AtoX>0.</AtoX><AtoY>0.</AtoY><AtoZ>0.</AtoZ><OEMDRO0>0.</OEMDRO0><OEMLED0>0</OEMLED0><OEMDRO1>0.</OEMDRO1><OEMLED1>0</OEMLED1><OEMDRO2>0.</OEMDRO2><OEMLED2>0</OEMLED2><OEMDRO3>0.</OEMDRO3><OEMLED3>0</OEMLED3><OEMDRO4>0.</OEMDRO4><OEMLED4>0</OEMLED4><OEMDRO5>0.</OEMDRO5><OEMLED5>0</OEMLED5><OEMDRO6>0.</OEMDRO6><OEMLED6>0</OEMLED6><OEMDRO7>0.</OEMDRO7><OEMLED7>0</OEMLED7><OEMDRO8>0.</OEMDRO8><OEMLED8>0</OEMLED8><OEMDRO9>0.</OEMDRO9><OEMLED9>0</OEMLED9><OEMDRO10>0.</OEMDRO10><OEMLED10>0</OEMLED10><OEMDRO11>0.</OEMDRO11><OEMLED11>0</OEMLED11><OEMDRO12>0.</OEMDRO12><OEMLED12>0</OEMLED12><OEMDRO13>0.</OEMDRO13><OEMLED13>0</OEMLED13><OEMDRO14>0.</OEMDRO14><OEMLED14>0</OEMLED14><OEMDRO15>0.</OEMDRO15><OEMLED15>0</OEMLED15><OEMDRO16>0.</OEMDRO16><OEMLED16>0</OEMLED16><OEMDRO17>0.</OEMDRO17><OEMLED17>0</OEMLED17><OEMDRO18>0.</OEMDRO18><OEMLED18>0</OEMLED18><OEMDRO19>0.</OEMDRO19><OEMLED19>0</OEMLED19><OEMDRO20>0.</OEMDRO20><OEMLED20>0</OEMLED20><OEMDRO21>0.</OEMDRO21><OEMLED21>0</OEMLED21><OEMDRO22>0.</OEMDRO22><OEMLED22>0</OEMLED22><OEMDRO23>0.</OEMDRO23><OEMLED23>0</OEMLED23><OEMDRO24>0.</OEMDRO24><OEMLED24>0</OEMLED24><OEMDRO25>0.</OEMDRO25><OEMLED25>0</OEMLED25><OEMDRO26>0.</OEMDRO26><OEMLED26>0</OEMLED26><OEMDRO27>0.</OEMDRO27><OEMLED27>0</OEMLED27><OEMDRO28>0.</OEMDRO28><OEMLED28>0</OEMLED28><OEMDRO29>0.</OEMDRO29><OEMLED29>0</OEMLED29><OEMDRO30>0.</OEMDRO30><OEMLED30>0</OEMLED30><OEMDRO31>0.</OEMDRO31><OEMLED31>0</OEMLED31><OEMDRO32>0.</OEMDRO32><OEMLED32>0</OEMLED32><OEMDRO33>0.</OEMDRO33><OEMLED33>0</OEMLED33><OEMDRO34>0.</OEMDRO34><OEMLED34>0</OEMLED34><OEMDRO35>0.</OEMDRO35><OEMLED35>0</OEMLED35><OEMDRO36>0.</OEMDRO36><OEMLED36>0</OEMLED36><OEMDRO37>0.</OEMDRO37><OEMLED37>0</OEMLED37><OEMDRO38>0.</OEMDRO38><OEMLED38>0</OEMLED38><OEMDRO39>0.</OEMDRO39><OEMLED39>0</OEMLED39><OEMDRO40>0.</OEMDRO40><OEMLED40>0</OEMLED40><OEMDRO41>0.</OEMDRO41><OEMLED41>0</OEMLED41><OEMDRO42>0.</OEMDRO42><OEMLED42>0</OEMLED42><OEMDRO43>0.</OEMDRO43><OEMLED43>0</OEMLED43><OEMDRO44>0.</OEMDRO44><OEMLED44>0</OEMLED44><OEMDRO45>0.</OEMDRO45><OEMLED45>0</OEMLED45><OEMDRO46>0.</OEMDRO46><OEMLED46>0</OEMLED46><OEMDRO47>0.</OEMDRO47><OEMLED47>0</OEMLED47><OEMDRO48>0.</OEMDRO48><OEMLED48>0</OEMLED48><OEMDRO49>0.</OEMDRO49><OEMLED49>0</OEMLED49><OEMDRO50>0.</OEMDRO50><OEMLED50>0</OEMLED50><OEMDRO51>0.</OEMDRO51><OEMLED51>0</OEMLED51><OEMDRO52>0.</OEMDRO52><OEMLED52>0</OEMLED52><OEMDRO53>0.</OEMDRO53><OEMLED53>0</OEMLED53><OEMDRO54>0.</OEMDRO54><OEMLED54>0</OEMLED54><OEMDRO55>0.</OEMDRO55><OEMLED55>0</OEMLED55><OEMDRO56>0.</OEMDRO56><OEMLED56>0</OEMLED56><OEMDRO57>0.</OEMDRO57><OEMLED57>0</OEMLED57><OEMDRO58>0.</OEMDRO58><OEMLED58>0</OEMLED58><OEMDRO59>0.</OEMDRO59><OEMLED59>0</OEMLED59><OEMDRO60>0.</OEMDRO60><OEMLED60>0</OEMLED60><OEMDRO61>0.</OEMDRO61><OEMLED61>0</OEMLED61><OEMDRO62>0.</OEMDRO62><OEMLED62>0</OEMLED62><OEMDRO63>0.</OEMDRO63><OEMLED63>0</OEMLED63><OEMDRO64>0.</OEMDRO64><OEMLED64>0</OEMLED64><OEMDRO65>0.</OEMDRO65><OEMLED65>0</OEMLED65><OEMDRO66>0.</OEMDRO66><OEMLED66>0</OEMLED66><OEMDRO67>0.</OEMDRO67><OEMLED67>0</OEMLED67><OEMDRO68>0.</OEMDRO68><OEMLED68>0</OEMLED68><OEMDRO69>0.</OEMDRO69><OEMLED69>0</OEMLED69><OEMDRO70>0.</OEMDRO70><OEMLED70>0</OEMLED70><OEMDRO71>0.</OEMDRO71><OEMLED71>0</OEMLED71><OEMDRO72>0.</OEMDRO72><OEMLED72>0</OEMLED72><OEMDRO73>0.</OEMDRO73><OEMLED73>0</OEMLED73><OEMDRO74>0.</OEMDRO74><OEMLED74>0</OEMLED74><OEMDRO75>0.</OEMDRO75><OEMLED75>0</OEMLED75><OEMDRO76>0.</OEMDRO76><OEMLED76>0</OEMLED76><OEMDRO77>0.</OEMDRO77><OEMLED77>0</OEMLED77><OEMDRO78>0.</OEMDRO78><OEMLED78>0</OEMLED78><OEMDRO79>0.</OEMDRO79><OEMLED79>0</OEMLED79><OEMDRO80>0.</OEMDRO80><OEMLED80>0</OEMLED80><OEMDRO81>0.</OEMDRO81><OEMLED81>0</OEMLED81><OEMDRO82>0.</OEMDRO82><OEMLED82>0</OEMLED82><OEMDRO83>0.</OEMDRO83><OEMLED83>0</OEMLED83><OEMDRO84>0.</OEMDRO84><OEMLED84>0</OEMLED84><OEMDRO85>0.</OEMDRO85><OEMLED85>0</OEMLED85><OEMDRO86>0.</OEMDRO86><OEMLED86>0</OEMLED86><OEMDRO87>0.</OEMDRO87><OEMLED87>0</OEMLED87><OEMDRO88>0.</OEMDRO88><OEMLED88>0</OEMLED88><OEMDRO89>0.</OEMDRO89><OEMLED89>0</OEMLED89><OEMDRO90>0.</OEMDRO90><OEMLED90>0</OEMLED90><OEMDRO91>0.</OEMDRO91><OEMLED91>0</OEMLED91><OEMDRO92>0.</OEMDRO92><OEMLED92>0</OEMLED92><OEMDRO93>0.</OEMDRO93><OEMLED93>0</OEMLED93><OEMDRO94>0.</OEMDRO94><OEMLED94>0</OEMLED94><OEMDRO95>0.</OEMDRO95><OEMLED95>0</OEMLED95><OEMDRO96>0.</OEMDRO96><OEMLED96>0</OEMLED96><OEMDRO97>0.</OEMDRO97><OEMLED97>0</OEMLED97><OEMDRO98>0.</OEMDRO98><OEMLED98>0</OEMLED98><OEMDRO99>0.</OEMDRO99><OEMLED99>0</OEMLED99><OEMDRO100>0.</OEMDRO100><OEMLED100>0</OEMLED100><OEMDRO101>0.</OEMDRO101><OEMLED101>0</OEMLED101><OEMDRO102>0.</OEMDRO102><OEMLED102>0</OEMLED102><OEMDRO103>0.</OEMDRO103><OEMLED103>0</OEMLED103><OEMDRO104>0.</OEMDRO104><OEMLED104>0</OEMLED104><OEMDRO105>0.</OEMDRO105><OEMLED105>0</OEMLED105><OEMDRO106>0.</OEMDRO106><OEMLED106>0</OEMLED106><OEMDRO107>0.</OEMDRO107><OEMLED107>0</OEMLED107><OEMDRO108>0.</OEMDRO108><OEMLED108>0</OEMLED108><OEMDRO109>0.</OEMDRO109><OEMLED109>0</OEMLED109><OEMDRO110>0.</OEMDRO110><OEMLED110>0</OEMLED110><OEMDRO111>0.</OEMDRO111><OEMLED111>0</OEMLED111><OEMDRO112>0.</OEMDRO112><OEMLED112>0</OEMLED112><OEMDRO113>0.</OEMDRO113><OEMLED113>0</OEMLED113><OEMDRO114>0.</OEMDRO114><OEMLED114>0</OEMLED114><OEMDRO115>0.</OEMDRO115><OEMLED115>0</OEMLED115><OEMDRO116>0.</OEMDRO116><OEMLED116>0</OEMLED116><OEMDRO117>0.</OEMDRO117><OEMLED117>0</OEMLED117><OEMDRO118>0.</OEMDRO118><OEMLED118>0</OEMLED118><OEMDRO119>0.</OEMDRO119><OEMLED119>0</OEMLED119><OEMDRO120>0.</OEMDRO120><OEMLED120>0</OEMLED120><OEMDRO121>0.</OEMDRO121><OEMLED121>0</OEMLED121><OEMDRO122>0.</OEMDRO122><OEMLED122>0</OEMLED122><OEMDRO123>0.</OEMDRO123><OEMLED123>0</OEMLED123><OEMDRO124>0.</OEMDRO124><OEMLED124>0</OEMLED124><OEMDRO125>0.</OEMDRO125><OEMLED125>0</OEMLED125><OEMDRO126>0.</OEMDRO126><OEMLED126>0</OEMLED126><OEMDRO127>0.</OEMDRO127><OEMLED127>0</OEMLED127><OEMDRO128>0.</OEMDRO128><OEMLED128>0</OEMLED128><OEMDRO129>0.</OEMDRO129><OEMLED129>0</OEMLED129><OEMDRO130>0.</OEMDRO130><OEMLED130>0</OEMLED130><OEMDRO131>0.</OEMDRO131><OEMLED131>0</OEMLED131><OEMDRO132>0.</OEMDRO132><OEMLED132>0</OEMLED132><OEMDRO133>0.</OEMDRO133><OEMLED133>0</OEMLED133><OEMDRO134>0.</OEMDRO134><OEMLED134>0</OEMLED134><OEMDRO135>0.</OEMDRO135><OEMLED135>0</OEMLED135><OEMDRO136>0.</OEMDRO136><OEMLED136>0</OEMLED136><OEMDRO137>0.</OEMDRO137><OEMLED137>0</OEMLED137><OEMDRO138>0.</OEMDRO138><OEMLED138>0</OEMLED138><OEMDRO139>0.</OEMDRO139><OEMLED139>0</OEMLED139><OEMDRO140>0.</OEMDRO140><OEMLED140>0</OEMLED140><OEMDRO141>0.</OEMDRO141><OEMLED141>0</OEMLED141><OEMDRO142>0.</OEMDRO142><OEMLED142>0</OEMLED142><OEMDRO143>0.</OEMDRO143><OEMLED143>0</OEMLED143><OEMDRO144>0.</OEMDRO144><OEMLED144>0</OEMLED144><OEMDRO145>0.</OEMDRO145><OEMLED145>0</OEMLED145><OEMDRO146>0.</OEMDRO146><OEMLED146>0</OEMLED146><OEMDRO147>0.</OEMDRO147><OEMLED147>0</OEMLED147><OEMDRO148>0.</OEMDRO148><OEMLED148>0</OEMLED148><OEMDRO149>0.</OEMDRO149><OEMLED149>0</OEMLED149><OEMDRO150>0.</OEMDRO150><OEMLED150>0</OEMLED150><OEMDRO151>0.</OEMDRO151><OEMLED151>0</OEMLED151><OEMDRO152>0.</OEMDRO152><OEMLED152>0</OEMLED152><OEMDRO153>0.</OEMDRO153><OEMLED153>0</OEMLED153><OEMDRO154>0.</OEMDRO154><OEMLED154>0</OEMLED154><OEMDRO155>0.</OEMDRO155><OEMLED155>0</OEMLED155><OEMDRO156>0.</OEMDRO156><OEMLED156>0</OEMLED156><OEMDRO157>0.</OEMDRO157><OEMLED157>0</OEMLED157><OEMDRO158>0.</OEMDRO158><OEMLED158>0</OEMLED158><OEMDRO159>0.</OEMDRO159><OEMLED159>0</OEMLED159><OEMDRO160>0.</OEMDRO160><OEMLED160>0</OEMLED160><OEMDRO161>0.</OEMDRO161><OEMLED161>0</OEMLED161><OEMDRO162>0.</OEMDRO162><OEMLED162>0</OEMLED162><OEMDRO163>0.</OEMDRO163><OEMLED163>0</OEMLED163><OEMDRO164>0.</OEMDRO164><OEMLED164>0</OEMLED164><OEMDRO165>0.</OEMDRO165><OEMLED165>0</OEMLED165><OEMDRO166>0.</OEMDRO166><OEMLED166>0</OEMLED166><OEMDRO167>0.</OEMDRO167><OEMLED167>0</OEMLED167><OEMDRO168>0.</OEMDRO168><OEMLED168>0</OEMLED168><OEMDRO169>0.</OEMDRO169><OEMLED169>0</OEMLED169><OEMDRO170>0.</OEMDRO170><OEMLED170>0</OEMLED170><OEMDRO171>0.</OEMDRO171><OEMLED171>0</OEMLED171><OEMDRO172>0.</OEMDRO172><OEMLED172>0</OEMLED172><OEMDRO173>0.</OEMDRO173><OEMLED173>0</OEMLED173><OEMDRO174>0.</OEMDRO174><OEMLED174>0</OEMLED174><OEMDRO175>0.</OEMDRO175><OEMLED175>0</OEMLED175><OEMDRO176>0.</OEMDRO176><OEMLED176>0</OEMLED176><OEMDRO177>0.</OEMDRO177><OEMLED177>0</OEMLED177><OEMDRO178>0.</OEMDRO178><OEMLED178>0</OEMLED178><OEMDRO179>0.</OEMDRO179><OEMLED179>0</OEMLED179><OEMDRO180>0.</OEMDRO180><OEMLED180>0</OEMLED180><OEMDRO181>0.</OEMDRO181><OEMLED181>0</OEMLED181><OEMDRO182>0.</OEMDRO182><OEMLED182>0</OEMLED182><OEMDRO183>0.</OEMDRO183><OEMLED183>0</OEMLED183><OEMDRO184>0.</OEMDRO184><OEMLED184>0</OEMLED184><OEMDRO185>0.</OEMDRO185><OEMLED185>0</OEMLED185><OEMDRO186>0.</OEMDRO186><OEMLED186>0</OEMLED186><OEMDRO187>0.</OEMDRO187><OEMLED187>0</OEMLED187><OEMDRO188>0.</OEMDRO188><OEMLED188>0</OEMLED188><OEMDRO189>0.</OEMDRO189><OEMLED189>0</OEMLED189><OEMDRO190>0.</OEMDRO190><OEMLED190>0</OEMLED190><OEMDRO191>0.</OEMDRO191><OEMLED191>0</OEMLED191><OEMDRO192>0.</OEMDRO192><OEMLED192>0</OEMLED192><OEMDRO193>0.</OEMDRO193><OEMLED193>0</OEMLED193><OEMDRO194>0.</OEMDRO194><OEMLED194>0</OEMLED194><OEMDRO195>0.</OEMDRO195><OEMLED195>0</OEMLED195><OEMDRO196>0.</OEMDRO196><OEMLED196>0</OEMLED196><OEMDRO197>0.</OEMDRO197><OEMLED197>0</OEMLED197><OEMDRO198>0.</OEMDRO198><OEMLED198>0</OEMLED198><OEMDRO199>0.</OEMDRO199><OEMLED199>0</OEMLED199><OEMDRO200>0.</OEMDRO200><OEMLED200>0</OEMLED200><OEMDRO201>0.</OEMDRO201><OEMLED201>0</OEMLED201><OEMDRO202>0.</OEMDRO202><OEMLED202>0</OEMLED202><OEMDRO203>0.</OEMDRO203><OEMLED203>0</OEMLED203><OEMDRO204>0.</OEMDRO204><OEMLED204>0</OEMLED204><OEMDRO205>0.</OEMDRO205><OEMLED205>0</OEMLED205><OEMDRO206>0.</OEMDRO206><OEMLED206>0</OEMLED206><OEMDRO207>0.</OEMDRO207><OEMLED207>0</OEMLED207><OEMDRO208>0.</OEMDRO208><OEMLED208>0</OEMLED208><OEMDRO209>0.</OEMDRO209><OEMLED209>0</OEMLED209><OEMDRO210>0.</OEMDRO210><OEMLED210>0</OEMLED210><OEMDRO211>0.</OEMDRO211><OEMLED211>0</OEMLED211><OEMDRO212>0.</OEMDRO212><OEMLED212>0</OEMLED212><OEMDRO213>0.</OEMDRO213><OEMLED213>0</OEMLED213><OEMDRO214>0.</OEMDRO214><OEMLED214>0</OEMLED214><OEMDRO215>0.</OEMDRO215><OEMLED215>0</OEMLED215><OEMDRO216>0.</OEMDRO216><OEMLED216>0</OEMLED216><OEMDRO217>0.</OEMDRO217><OEMLED217>0</OEMLED217><OEMDRO218>0.</OEMDRO218><OEMLED218>0</OEMLED218><OEMDRO219>0.</OEMDRO219><OEMLED219>0</OEMLED219><OEMDRO220>0.</OEMDRO220><OEMLED220>0</OEMLED220><OEMDRO221>0.</OEMDRO221><OEMLED221>0</OEMLED221><OEMDRO222>0.</OEMDRO222><OEMLED222>0</OEMLED222><OEMDRO223>0.</OEMDRO223><OEMLED223>0</OEMLED223><OEMDRO224>0.</OEMDRO224><OEMLED224>0</OEMLED224><OEMDRO225>0.</OEMDRO225><OEMLED225>0</OEMLED225><OEMDRO226>0.</OEMDRO226><OEMLED226>0</OEMLED226><OEMDRO227>0.</OEMDRO227><OEMLED227>0</OEMLED227><OEMDRO228>0.</OEMDRO228><OEMLED228>0</OEMLED228><OEMDRO229>0.</OEMDRO229><OEMLED229>0</OEMLED229><OEMDRO230>0.</OEMDRO230><OEMLED230>0</OEMLED230><OEMDRO231>0.</OEMDRO231><OEMLED231>0</OEMLED231><OEMDRO232>0.</OEMDRO232><OEMLED232>0</OEMLED232><OEMDRO233>0.</OEMDRO233><OEMLED233>0</OEMLED233><OEMDRO234>0.</OEMDRO234><OEMLED234>0</OEMLED234><OEMDRO235>0.</OEMDRO235><OEMLED235>0</OEMLED235><OEMDRO236>0.</OEMDRO236><OEMLED236>0</OEMLED236><OEMDRO237>0.</OEMDRO237><OEMLED237>0</OEMLED237><OEMDRO238>0.</OEMDRO238><OEMLED238>0</OEMLED238><OEMDRO239>0.</OEMDRO239><OEMLED239>0</OEMLED239><OEMDRO240>0.</OEMDRO240><OEMLED240>0</OEMLED240><OEMDRO241>0.</OEMDRO241><OEMLED241>0</OEMLED241><OEMDRO242>0.</OEMDRO242><OEMLED242>0</OEMLED242><OEMDRO243>0.</OEMDRO243><OEMLED243>0</OEMLED243><OEMDRO244>0.</OEMDRO244><OEMLED244>0</OEMLED244><OEMDRO245>0.</OEMDRO245><OEMLED245>0</OEMLED245><OEMDRO246>0.</OEMDRO246><OEMLED246>0</OEMLED246><OEMDRO247>0.</OEMDRO247><OEMLED247>0</OEMLED247><OEMDRO248>0.</OEMDRO248><OEMLED248>0</OEMLED248><OEMDRO249>0.</OEMDRO249><OEMLED249>0</OEMLED249><OEMDRO250>0.</OEMDRO250><OEMLED250>0</OEMLED250><OEMDRO251>0.</OEMDRO251><OEMLED251>0</OEMLED251><OEMDRO252>0.</OEMDRO252><OEMLED252>0</OEMLED252><OEMDRO253>0.</OEMDRO253><OEMLED253>0</OEMLED253><OEMDRO254>0.</OEMDRO254><OEMLED254>0</OEMLED254><OEMDRO255>0.</OEMDRO255><OEMLED255>0</OEMLED255><JogInc>0.1</JogInc><JogSlide>0.1</JogSlide><THCMax>1.</THCMax><THCMin>0.2</THCMin><RadiusA>0.</RadiusA><RadiusB>0.</RadiusB><RadiusC>0.</RadiusC><LiftLevel>1.</LiftLevel><LiftAngle>45.</LiftAngle><InhibitDepth>0.</InhibitDepth><LaserXGrid>0.</LaserXGrid><LaserYGrid>0.</LaserYGrid><LaserAGrid>0.</LaserAGrid><JogInc0>1.</JogInc0><JogInc1>0.1</JogInc1><JogInc2>1.e-002</JogInc2><JogInc3>1.e-003</JogInc3><JogInc4>1.e-004</JogInc4><JogInc5>1.</JogInc5><JogInc6>0.1</JogInc6><JogInc7>1.e-002</JogInc7><JogInc8>1.e-003</JogInc8><JogInc9>1.e-004</JogInc9><THCSpeed>20.</THCSpeed><BlendFactor>180.</BlendFactor><M0RefHome>0</M0RefHome><M1RefHome>0</M1RefHome><M2RefHome>0</M2RefHome><M3RefHome>0</M3RefHome><M4RefHome>0</M4RefHome><M5RefHome>0</M5RefHome><MRU10>None</MRU10><MRU9>None</MRU9><MRU8>None</MRU8><MRU7>None</MRU7><MRU6>None</MRU6><MRU5>None</MRU5><MRU4>None</MRU4><MRU3>None</MRU3><MRU2>C:\Mach3\GCode\Cutpocket.tap</MRU2><MRU1>C:\Mach3\GCode\CutCircle.tap</MRU1><ToolPersist>0</ToolPersist><KeepRef>0</KeepRef><TurnRevArc>1</TurnRevArc><DROFont>Arial</DROFont><LabelFont>Arial</LabelFont><CodeFont>Arial</CodeFont><PierceDelay>1.</PierceDelay><VelPer3>5.</VelPer3><TouchX>0.</TouchX><G20X>0.</G20X><G20Y>0.</G20Y><G20Z>0.</G20Z><G20A>0.</G20A><G20B>0.</G20B><G20C>0.</G20C><FrontRear>0.</FrontRear><EncJogAxis3>2</EncJogAxis3><WarnOnReset>0</WarnOnReset><NURBS>0</NURBS><HiRes>0</HiRes><DelinChar>12</DelinChar><Rot360>0</Rot360><SerialServo>0</SerialServo><ToolLines>0</ToolLines><UDP>0</UDP><DefDir>D:\anzhuangruanjian\MACH3</DefDir><NewPath>0</NewPath><SafeZStop>0</SafeZStop><SafeZType>0</SafeZType><UseDiam>0</UseDiam><SPINREV1>0</SPINREV1><SPINREV2>0</SPINREV2><SPINREV3>0</SPINREV3><SPINREV4>0</SPINREV4><SPEED5>25000</SPEED5><LSPEED5>0</LSPEED5><SPINREV5>0</SPINREV5><SPEED6>25000</SPEED6><LSPEED6>0</LSPEED6><SPINREV6>0</SPINREV6><SPEED7>25000</SPEED7><LSPEED7>0</LSPEED7><SPINREV7>0</SPINREV7><SPEED8>25000</SPEED8><LSPEED8>0</LSPEED8><SPINREV8>0</SPINREV8><SPEED9>25000</SPEED9><LSPEED9>0</LSPEED9><SPINREV9>0</SPINREV9><SPEED10>25000</SPEED10><LSPEED10>0</LSPEED10><SPINREV10>0</SPINREV10><SPEED11>25000</SPEED11><LSPEED11>0</LSPEED11><SPINREV11>0</SPINREV11><SPEED12>25000</SPEED12><LSPEED12>0</LSPEED12><SPINREV12>0</SPINREV12><SPEED13>25000</SPEED13><LSPEED13>0</LSPEED13><SPINREV13>0</SPINREV13><SPEED14>25000</SPEED14><LSPEED14>0</LSPEED14><SPINREV14>0</SPINREV14><SPEED15>25000</SPEED15><LSPEED15>0</LSPEED15><SPINREV15>0</SPINREV15><SPEED16>25000</SPEED16><LSPEED16>0</LSPEED16><SPINREV16>0</SPINREV16><SPEED17>25000</SPEED17><LSPEED17>0</LSPEED17><SPINREV17>0</SPINREV17><SPEED18>25000</SPEED18><LSPEED18>0</LSPEED18><SPINREV18>0</SPINREV18><SPEED19>25000</SPEED19><LSPEED19>0</LSPEED19><SPINREV19>0</SPINREV19><SPEED20>25000</SPEED20><LSPEED20>0</LSPEED20><SPINREV20>0</SPINREV20><SPEED21>25000</SPEED21><LSPEED21>0</LSPEED21><SPINREV21>0</SPINREV21><SPEED22>25000</SPEED22><LSPEED22>0</LSPEED22><SPINREV22>0</SPINREV22><SPEED23>25000</SPEED23><LSPEED23>0</LSPEED23><SPINREV23>0</SPINREV23><SPEED24>25000</SPEED24><LSPEED24>0</LSPEED24><SPINREV24>0</SPINREV24><SPEED25>25000</SPEED25><LSPEED25>0</LSPEED25><SPINREV25>0</SPINREV25><m_SafeZ>0.</m_SafeZ><EncJogAxis1>0</EncJogAxis1><AutoCalcs>0</AutoCalcs><CVUseAngle>0</CVUseAngle><CVDegrees>0.</CVDegrees><M30SpinOff>1</M30SpinOff><Boxed>1</Boxed><ButtonFont>Arial</ButtonFont><OVSpinInc>10</OVSpinInc><Syskey1>1</Syskey1><ModPlug>0</ModPlug><KeyClick>1</KeyClick><THC5>0</THC5><ModPort>1</ModPort><AutoBaud>57600</AutoBaud><AutoType1>0</AutoType1><AutoType2>0</AutoType2><AutoType3>0</AutoType3><AutoType4>0</AutoType4><AutoOn1>0</AutoOn1><AutoOn2>0</AutoOn2><AutoOn3>0</AutoOn3><AutoOn4>0</AutoOn4><AutoSlave1>0</AutoSlave1><AutoSlave2>0</AutoSlave2><AutoSlave3>0</AutoSlave3><AutoSlave4>0</AutoSlave4><AutoStart1>0</AutoStart1><AutoStart2>0</AutoStart2><AutoStart3>0</AutoStart3><AutoStart4>0</AutoStart4><AutoEnd1>0</AutoEnd1><AutoEnd2>0</AutoEnd2><AutoEnd3>0</AutoEnd3><AutoEnd4>0</AutoEnd4><RTSON>0</RTSON><TIMEOUT>100</TIMEOUT><Hertz>50</Hertz><Prot>3</Prot><ID>None</ID><LastUser>MaoA楢牤衪onar</LastUser><ROTSOFT>1</ROTSOFT><PROBETLO>0</PROBETLO><SlaveHome>0</SlaveHome><JogHeat>0</JogHeat><SPINRATIO1>1.</SPINRATIO1><SPINRATIO2>1.</SPINRATIO2><SPINRATIO3>1.</SPINRATIO3><SPINRATIO4>1.</SPINRATIO4><SPINRATIO5>1.</SPINRATIO5><SPINRATIO6>1.</SPINRATIO6><SPINRATIO7>1.</SPINRATIO7><SPINRATIO8>1.</SPINRATIO8><SPINRATIO9>1.</SPINRATIO9><SPINRATIO10>1.</SPINRATIO10><SPINRATIO11>1.</SPINRATIO11><SPINRATIO12>1.</SPINRATIO12><SPINRATIO13>1.</SPINRATIO13><SPINRATIO14>1.</SPINRATIO14><SPINRATIO15>1.</SPINRATIO15><SPINRATIO16>1.</SPINRATIO16><SPINRATIO17>1.</SPINRATIO17><SPINRATIO18>1.</SPINRATIO18><SPINRATIO19>1.</SPINRATIO19><SPINRATIO20>1.</SPINRATIO20><SPINRATIO21>1.</SPINRATIO21><SPINRATIO22>1.</SPINRATIO22><SPINRATIO23>1.</SPINRATIO23><SPINRATIO24>1.</SPINRATIO24><SPINRATIO25>1.</SPINRATIO25><Running>0</Running><TCPMODBUS>0</TCPMODBUS><MenuOff>0</MenuOff><ZBar>1</ZBar><IgnoreMacros>0</IgnoreMacros><DwellTrigger>0</DwellTrigger><M7Delay>0.</M7Delay><M8Delay>0.</M8Delay><Encoder0>0</Encoder0><Encoder1>0</Encoder1><Encoder2>0</Encoder2><Encoder3>0</Encoder3><Encoder4>1640058</Encoder4><Encoder5>0</Encoder5><Encoder6>0</Encoder6><M9After>0</M9After><Steps6>1.</Steps6><LockFROs>1</LockFROs><OEMDRO256>0.</OEMDRO256><OEMLED256>0</OEMLED256><OEMDRO257>0.</OEMDRO257><OEMLED257>0</OEMLED257><OEMDRO258>0.</OEMDRO258><OEMLED258>0</OEMLED258><OEMDRO259>0.</OEMDRO259><OEMLED259>0</OEMLED259><OEMDRO260>0.</OEMDRO260><OEMLED260>0</OEMLED260><OEMDRO261>0.</OEMDRO261><OEMLED261>0</OEMLED261><OEMDRO262>0.</OEMDRO262><OEMLED262>0</OEMLED262><OEMDRO263>0.</OEMDRO263><OEMLED263>0</OEMLED263><OEMDRO264>0.</OEMDRO264><OEMLED264>0</OEMLED264><OEMDRO265>0.</OEMDRO265><OEMLED265>0</OEMLED265><OEMDRO266>0.</OEMDRO266><OEMLED266>0</OEMLED266><OEMDRO267>0.</OEMDRO267><OEMLED267>0</OEMLED267><OEMDRO268>0.</OEMDRO268><OEMLED268>0</OEMLED268><OEMDRO269>0.</OEMDRO269><OEMLED269>0</OEMLED269><OEMDRO270>0.</OEMDRO270><OEMLED270>0</OEMLED270><OEMDRO271>0.</OEMDRO271><OEMLED271>0</OEMLED271><OEMDRO272>0.</OEMDRO272><OEMLED272>0</OEMLED272><OEMDRO273>0.</OEMDRO273><OEMLED273>0</OEMLED273><OEMDRO274>0.</OEMDRO274><OEMLED274>0</OEMLED274><OEMDRO275>0.</OEMDRO275><OEMLED275>0</OEMLED275><OEMDRO276>0.</OEMDRO276><OEMLED276>0</OEMLED276><OEMDRO277>0.</OEMDRO277><OEMLED277>0</OEMLED277><OEMDRO278>0.</OEMDRO278><OEMLED278>0</OEMLED278><OEMDRO279>0.</OEMDRO279><OEMLED279>0</OEMLED279><OEMDRO280>0.</OEMDRO280><OEMLED280>0</OEMLED280><OEMDRO281>0.</OEMDRO281><OEMLED281>0</OEMLED281><OEMDRO282>0.</OEMDRO282><OEMLED282>0</OEMLED282><OEMDRO283>0.</OEMDRO283><OEMLED283>0</OEMLED283><OEMDRO284>0.</OEMDRO284><OEMLED284>0</OEMLED284><OEMDRO285>0.</OEMDRO285><OEMLED285>0</OEMLED285><OEMDRO286>0.</OEMDRO286><OEMLED286>0</OEMLED286><OEMDRO287>0.</OEMDRO287><OEMLED287>0</OEMLED287><OEMDRO288>0.</OEMDRO288><OEMLED288>0</OEMLED288><OEMDRO289>0.</OEMDRO289><OEMLED289>0</OEMLED289><OEMDRO290>0.</OEMDRO290><OEMLED290>0</OEMLED290><OEMDRO291>0.</OEMDRO291><OEMLED291>0</OEMLED291><OEMDRO292>0.</OEMDRO292><OEMLED292>0</OEMLED292><OEMDRO293>0.</OEMDRO293><OEMLED293>0</OEMLED293><OEMDRO294>0.</OEMDRO294><OEMLED294>0</OEMLED294><OEMDRO295>0.</OEMDRO295><OEMLED295>0</OEMLED295><OEMDRO296>0.</OEMDRO296><OEMLED296>0</OEMLED296><OEMDRO297>0.</OEMDRO297><OEMLED297>0</OEMLED297><OEMDRO298>0.</OEMDRO298><OEMLED298>0</OEMLED298><OEMDRO299>0.</OEMDRO299><OEMLED299>0</OEMLED299><OEMDRO2100>0.</OEMDRO2100><OEMLED2100>0</OEMLED2100><OEMDRO2101>0.</OEMDRO2101><OEMLED2101>0</OEMLED2101><OEMDRO2102>0.</OEMDRO2102><OEMLED2102>0</OEMLED2102><OEMDRO2103>0.</OEMDRO2103><OEMLED2103>0</OEMLED2103><OEMDRO2104>0.</OEMDRO2104><OEMLED2104>0</OEMLED2104><OEMDRO2105>0.</OEMDRO2105><OEMLED2105>0</OEMLED2105><OEMDRO2106>0.</OEMDRO2106><OEMLED2106>0</OEMLED2106><OEMDRO2107>0.</OEMDRO2107><OEMLED2107>0</OEMLED2107><OEMDRO2108>0.</OEMDRO2108><OEMLED2108>0</OEMLED2108><OEMDRO2109>0.</OEMDRO2109><OEMLED2109>0</OEMLED2109><OEMDRO2110>0.</OEMDRO2110><OEMLED2110>0</OEMLED2110><OEMDRO2111>0.</OEMDRO2111><OEMLED2111>0</OEMLED2111><OEMDRO2112>0.</OEMDRO2112><OEMLED2112>0</OEMLED2112><OEMDRO2113>0.</OEMDRO2113><OEMLED2113>0</OEMLED2113><OEMDRO2114>0.</OEMDRO2114><OEMLED2114>0</OEMLED2114><OEMDRO2115>0.</OEMDRO2115><OEMLED2115>0</OEMLED2115><OEMDRO2116>0.</OEMDRO2116><OEMLED2116>0</OEMLED2116><OEMDRO2117>0.</OEMDRO2117><OEMLED2117>0</OEMLED2117><OEMDRO2118>0.</OEMDRO2118><OEMLED2118>0</OEMLED2118><OEMDRO2119>0.</OEMDRO2119><OEMLED2119>0</OEMLED2119><OEMDRO2120>0.</OEMDRO2120><OEMLED2120>0</OEMLED2120><OEMDRO2121>0.</OEMDRO2121><OEMLED2121>0</OEMLED2121><OEMDRO2122>0.</OEMDRO2122><OEMLED2122>0</OEMLED2122><OEMDRO2123>0.</OEMDRO2123><OEMLED2123>0</OEMLED2123><OEMDRO2124>0.</OEMDRO2124><OEMLED2124>0</OEMLED2124><OEMDRO2125>0.</OEMDRO2125><OEMLED2125>0</OEMLED2125><OEMDRO2126>0.</OEMDRO2126><OEMLED2126>0</OEMLED2126><OEMDRO2127>0.</OEMDRO2127><OEMLED2127>0</OEMLED2127><OEMDRO2128>0.</OEMDRO2128><OEMLED2128>0</OEMLED2128><OEMDRO2129>0.</OEMDRO2129><OEMLED2129>0</OEMLED2129><OEMDRO2130>0.</OEMDRO2130><OEMLED2130>0</OEMLED2130><OEMDRO2131>0.</OEMDRO2131><OEMLED2131>0</OEMLED2131><OEMDRO2132>0.</OEMDRO2132><OEMLED2132>0</OEMLED2132><OEMDRO2133>0.</OEMDRO2133><OEMLED2133>0</OEMLED2133><OEMDRO2134>0.</OEMDRO2134><OEMLED2134>0</OEMLED2134><OEMDRO2135>0.</OEMDRO2135><OEMLED2135>0</OEMLED2135><OEMDRO2136>0.</OEMDRO2136><OEMLED2136>0</OEMLED2136><OEMDRO2137>0.</OEMDRO2137><OEMLED2137>0</OEMLED2137><OEMDRO2138>0.</OEMDRO2138><OEMLED2138>0</OEMLED2138><OEMDRO2139>0.</OEMDRO2139><OEMLED2139>0</OEMLED2139><OEMDRO2140>0.</OEMDRO2140><OEMLED2140>0</OEMLED2140><OEMDRO2141>0.</OEMDRO2141><OEMLED2141>0</OEMLED2141><OEMDRO2142>0.</OEMDRO2142><OEMLED2142>0</OEMLED2142><OEMDRO2143>0.</OEMDRO2143><OEMLED2143>0</OEMLED2143><OEMDRO2144>0.</OEMDRO2144><OEMLED2144>0</OEMLED2144><OEMDRO2145>0.</OEMDRO2145><OEMLED2145>0</OEMLED2145><OEMDRO2146>0.</OEMDRO2146><OEMLED2146>0</OEMLED2146><OEMDRO2147>0.</OEMDRO2147><OEMLED2147>0</OEMLED2147><OEMDRO2148>0.</OEMDRO2148><OEMLED2148>0</OEMLED2148><OEMDRO2149>0.</OEMDRO2149><OEMLED2149>0</OEMLED2149><OEMDRO2150>0.</OEMDRO2150><OEMLED2150>0</OEMLED2150><OEMDRO2151>0.</OEMDRO2151><OEMLED2151>0</OEMLED2151><OEMDRO2152>0.</OEMDRO2152><OEMLED2152>0</OEMLED2152><OEMDRO2153>0.</OEMDRO2153><OEMLED2153>0</OEMLED2153><OEMDRO2154>0.</OEMDRO2154><OEMLED2154>0</OEMLED2154><OEMDRO2155>0.</OEMDRO2155><OEMLED2155>0</OEMLED2155><OEMDRO2156>0.</OEMDRO2156><OEMLED2156>0</OEMLED2156><OEMDRO2157>0.</OEMDRO2157><OEMLED2157>0</OEMLED2157><OEMDRO2158>0.</OEMDRO2158><OEMLED2158>0</OEMLED2158><OEMDRO2159>0.</OEMDRO2159><OEMLED2159>0</OEMLED2159><OEMDRO2160>0.</OEMDRO2160><OEMLED2160>0</OEMLED2160><OEMDRO2161>0.</OEMDRO2161><OEMLED2161>0</OEMLED2161><OEMDRO2162>0.</OEMDRO2162><OEMLED2162>0</OEMLED2162><OEMDRO2163>0.</OEMDRO2163><OEMLED2163>0</OEMLED2163><OEMDRO2164>0.</OEMDRO2164><OEMLED2164>0</OEMLED2164><OEMDRO2165>0.</OEMDRO2165><OEMLED2165>0</OEMLED2165><OEMDRO2166>0.</OEMDRO2166><OEMLED2166>0</OEMLED2166><OEMDRO2167>0.</OEMDRO2167><OEMLED2167>0</OEMLED2167><OEMDRO2168>0.</OEMDRO2168><OEMLED2168>0</OEMLED2168><OEMDRO2169>0.</OEMDRO2169><OEMLED2169>0</OEMLED2169><OEMDRO2170>0.</OEMDRO2170><OEMLED2170>0</OEMLED2170><OEMDRO2171>0.</OEMDRO2171><OEMLED2171>0</OEMLED2171><OEMDRO2172>0.</OEMDRO2172><OEMLED2172>0</OEMLED2172><OEMDRO2173>0.</OEMDRO2173><OEMLED2173>0</OEMLED2173><OEMDRO2174>0.</OEMDRO2174><OEMLED2174>0</OEMLED2174><OEMDRO2175>0.</OEMDRO2175><OEMLED2175>0</OEMLED2175><OEMDRO2176>0.</OEMDRO2176><OEMLED2176>0</OEMLED2176><OEMDRO2177>0.</OEMDRO2177><OEMLED2177>0</OEMLED2177><OEMDRO2178>0.</OEMDRO2178><OEMLED2178>0</OEMLED2178><OEMDRO2179>0.</OEMDRO2179><OEMLED2179>0</OEMLED2179><OEMDRO2180>0.</OEMDRO2180><OEMLED2180>0</OEMLED2180><OEMDRO2181>0.</OEMDRO2181><OEMLED2181>0</OEMLED2181><OEMDRO2182>0.</OEMDRO2182><OEMLED2182>0</OEMLED2182><OEMDRO2183>0.</OEMDRO2183><OEMLED2183>0</OEMLED2183><OEMDRO2184>0.</OEMDRO2184><OEMLED2184>0</OEMLED2184><OEMDRO2185>0.</OEMDRO2185><OEMLED2185>0</OEMLED2185><OEMDRO2186>0.</OEMDRO2186><OEMLED2186>0</OEMLED2186><OEMDRO2187>0.</OEMDRO2187><OEMLED2187>0</OEMLED2187><OEMDRO2188>0.</OEMDRO2188><OEMLED2188>0</OEMLED2188><OEMDRO2189>0.</OEMDRO2189><OEMLED2189>0</OEMLED2189><OEMDRO2190>0.</OEMDRO2190><OEMLED2190>0</OEMLED2190><OEMDRO2191>0.</OEMDRO2191><OEMLED2191>0</OEMLED2191><OEMDRO2192>0.</OEMDRO2192><OEMLED2192>0</OEMLED2192><OEMDRO2193>0.</OEMDRO2193><OEMLED2193>0</OEMLED2193><OEMDRO2194>0.</OEMDRO2194><OEMLED2194>0</OEMLED2194><OEMDRO2195>0.</OEMDRO2195><OEMLED2195>0</OEMLED2195><OEMDRO2196>0.</OEMDRO2196><OEMLED2196>0</OEMLED2196><OEMDRO2197>0.</OEMDRO2197><OEMLED2197>0</OEMLED2197><OEMDRO2198>0.</OEMDRO2198><OEMLED2198>0</OEMLED2198><OEMDRO2199>0.</OEMDRO2199><OEMLED2199>0</OEMLED2199><OEMDRO2200>0.</OEMDRO2200><OEMLED2200>0</OEMLED2200><OEMDRO2201>0.</OEMDRO2201><OEMLED2201>0</OEMLED2201><OEMDRO2202>0.</OEMDRO2202><OEMLED2202>0</OEMLED2202><OEMDRO2203>0.</OEMDRO2203><OEMLED2203>0</OEMLED2203><OEMDRO2204>0.</OEMDRO2204><OEMLED2204>0</OEMLED2204><OEMDRO2205>0.</OEMDRO2205><OEMLED2205>0</OEMLED2205><OEMDRO2206>0.</OEMDRO2206><OEMLED2206>0</OEMLED2206><OEMDRO2207>0.</OEMDRO2207><OEMLED2207>0</OEMLED2207><OEMDRO2208>0.</OEMDRO2208><OEMLED2208>0</OEMLED2208><OEMDRO2209>0.</OEMDRO2209><OEMLED2209>0</OEMLED2209><OEMDRO2210>0.</OEMDRO2210><OEMLED2210>0</OEMLED2210><OEMDRO2211>0.</OEMDRO2211><OEMLED2211>0</OEMLED2211><OEMDRO2212>0.</OEMDRO2212><OEMLED2212>0</OEMLED2212><OEMDRO2213>0.</OEMDRO2213><OEMLED2213>0</OEMLED2213><OEMDRO2214>0.</OEMDRO2214><OEMLED2214>0</OEMLED2214><OEMDRO2215>0.</OEMDRO2215><OEMLED2215>0</OEMLED2215><OEMDRO2216>0.</OEMDRO2216><OEMLED2216>0</OEMLED2216><OEMDRO2217>0.</OEMDRO2217><OEMLED2217>0</OEMLED2217><OEMDRO2218>0.</OEMDRO2218><OEMLED2218>0</OEMLED2218><OEMDRO2219>0.</OEMDRO2219><OEMLED2219>0</OEMLED2219><OEMDRO2220>0.</OEMDRO2220><OEMLED2220>0</OEMLED2220><OEMDRO2221>0.</OEMDRO2221><OEMLED2221>0</OEMLED2221><OEMDRO2222>0.</OEMDRO2222><OEMLED2222>0</OEMLED2222><OEMDRO2223>0.</OEMDRO2223><OEMLED2223>0</OEMLED2223><OEMDRO2224>0.</OEMDRO2224><OEMLED2224>0</OEMLED2224><OEMDRO2225>0.</OEMDRO2225><OEMLED2225>0</OEMLED2225><OEMDRO2226>0.</OEMDRO2226><OEMLED2226>0</OEMLED2226><OEMDRO2227>0.</OEMDRO2227><OEMLED2227>0</OEMLED2227><OEMDRO2228>0.</OEMDRO2228><OEMLED2228>0</OEMLED2228><OEMDRO2229>0.</OEMDRO2229><OEMLED2229>0</OEMLED2229><OEMDRO2230>0.</OEMDRO2230><OEMLED2230>0</OEMLED2230><OEMDRO2231>0.</OEMDRO2231><OEMLED2231>0</OEMLED2231><OEMDRO2232>0.</OEMDRO2232><OEMLED2232>0</OEMLED2232><OEMDRO2233>0.</OEMDRO2233><OEMLED2233>0</OEMLED2233><OEMDRO2234>0.</OEMDRO2234><OEMLED2234>0</OEMLED2234><OEMDRO2235>0.</OEMDRO2235><OEMLED2235>0</OEMLED2235><OEMDRO2236>0.</OEMDRO2236><OEMLED2236>0</OEMLED2236><OEMDRO2237>0.</OEMDRO2237><OEMLED2237>0</OEMLED2237><OEMDRO2238>0.</OEMDRO2238><OEMLED2238>0</OEMLED2238><OEMDRO2239>0.</OEMDRO2239><OEMLED2239>0</OEMLED2239><OEMDRO2240>0.</OEMDRO2240><OEMLED2240>0</OEMLED2240><OEMDRO2241>0.</OEMDRO2241><OEMLED2241>0</OEMLED2241><OEMDRO2242>0.</OEMDRO2242><OEMLED2242>0</OEMLED2242><OEMDRO2243>0.</OEMDRO2243><OEMLED2243>0</OEMLED2243><OEMDRO2244>0.</OEMDRO2244><OEMLED2244>0</OEMLED2244><OEMDRO2245>0.</OEMDRO2245><OEMLED2245>0</OEMLED2245><OEMDRO2246>0.</OEMDRO2246><OEMLED2246>0</OEMLED2246><OEMDRO2247>0.</OEMDRO2247><OEMLED2247>0</OEMLED2247><OEMDRO2248>0.</OEMDRO2248><OEMLED2248>0</OEMLED2248><OEMDRO2249>0.</OEMDRO2249><OEMLED2249>0</OEMLED2249><OEMDRO2250>0.</OEMDRO2250><OEMLED2250>0</OEMLED2250><OEMDRO2251>0.</OEMDRO2251><OEMLED2251>0</OEMLED2251><OEMDRO2252>0.</OEMDRO2252><OEMLED2252>0</OEMLED2252><OEMDRO2253>0.</OEMDRO2253><OEMLED2253>0</OEMLED2253><OEMDRO2254>0.</OEMDRO2254><OEMLED2254>0</OEMLED2254><OEMDRO2255>0.</OEMDRO2255><OEMLED2255>0</OEMLED2255><OEMDRO2256>0.</OEMDRO2256><OEMLED2256>0</OEMLED2256><OEMDRO2257>0.</OEMDRO2257><OEMLED2257>0</OEMLED2257><OEMDRO2258>0.</OEMDRO2258><OEMLED2258>0</OEMLED2258><OEMDRO2259>0.</OEMDRO2259><OEMLED2259>0</OEMLED2259><OEMDRO2260>0.</OEMDRO2260><OEMLED2260>0</OEMLED2260><OEMDRO2261>0.</OEMDRO2261><OEMLED2261>0</OEMLED2261><OEMDRO2262>0.</OEMDRO2262><OEMLED2262>0</OEMLED2262><OEMDRO2263>0.</OEMDRO2263><OEMLED2263>0</OEMLED2263><OEMDRO2264>0.</OEMDRO2264><OEMLED2264>0</OEMLED2264><OEMDRO2265>0.</OEMDRO2265><OEMLED2265>0</OEMLED2265><OEMDRO2266>0.</OEMDRO2266><OEMLED2266>0</OEMLED2266><OEMDRO2267>0.</OEMDRO2267><OEMLED2267>0</OEMLED2267><OEMDRO2268>0.</OEMDRO2268><OEMLED2268>0</OEMLED2268><OEMDRO2269>0.</OEMDRO2269><OEMLED2269>0</OEMLED2269><OEMDRO2270>0.</OEMDRO2270><OEMLED2270>0</OEMLED2270><OEMDRO2271>0.</OEMDRO2271><OEMLED2271>0</OEMLED2271><OEMDRO2272>0.</OEMDRO2272><OEMLED2272>0</OEMLED2272><OEMDRO2273>0.</OEMDRO2273><OEMLED2273>0</OEMLED2273><OEMDRO2274>0.</OEMDRO2274><OEMLED2274>0</OEMLED2274><OEMDRO2275>0.</OEMDRO2275><OEMLED2275>0</OEMLED2275><OEMDRO2276>0.</OEMDRO2276><OEMLED2276>0</OEMLED2276><OEMDRO2277>0.</OEMDRO2277><OEMLED2277>0</OEMLED2277><OEMDRO2278>0.</OEMDRO2278><OEMLED2278>0</OEMLED2278><OEMDRO2279>0.</OEMDRO2279><OEMLED2279>0</OEMLED2279><OEMDRO2280>0.</OEMDRO2280><OEMLED2280>0</OEMLED2280><OEMDRO2281>0.</OEMDRO2281><OEMLED2281>0</OEMLED2281><OEMDRO2282>0.</OEMDRO2282><OEMLED2282>0</OEMLED2282><OEMDRO2283>0.</OEMDRO2283><OEMLED2283>0</OEMLED2283><OEMDRO2284>0.</OEMDRO2284><OEMLED2284>0</OEMLED2284><OEMDRO2285>0.</OEMDRO2285><OEMLED2285>0</OEMLED2285><OEMDRO2286>0.</OEMDRO2286><OEMLED2286>0</OEMLED2286><OEMDRO2287>0.</OEMDRO2287><OEMLED2287>0</OEMLED2287><OEMDRO2288>0.</OEMDRO2288><OEMLED2288>0</OEMLED2288><OEMDRO2289>0.</OEMDRO2289><OEMLED2289>0</OEMLED2289><OEMDRO2290>0.</OEMDRO2290><OEMLED2290>0</OEMLED2290><OEMDRO2291>0.</OEMDRO2291><OEMLED2291>0</OEMLED2291><OEMDRO2292>0.</OEMDRO2292><OEMLED2292>0</OEMLED2292><OEMDRO2293>0.</OEMDRO2293><OEMLED2293>0</OEMLED2293><OEMDRO2294>0.</OEMDRO2294><OEMLED2294>0</OEMLED2294><OEMDRO2295>0.</OEMDRO2295><OEMLED2295>0</OEMLED2295><OEMDRO2296>0.</OEMDRO2296><OEMLED2296>0</OEMLED2296><OEMDRO2297>0.</OEMDRO2297><OEMLED2297>0</OEMLED2297><OEMDRO2298>0.</OEMDRO2298><OEMLED2298>0</OEMLED2298><OEMDRO2299>0.</OEMDRO2299><OEMLED2299>0</OEMLED2299><OEMDRO2300>0.</OEMDRO2300><OEMLED2300>0</OEMLED2300><OEMDRO2301>0.</OEMDRO2301><OEMLED2301>0</OEMLED2301><OEMDRO2302>0.</OEMDRO2302><OEMLED2302>0</OEMLED2302><OEMDRO2303>0.</OEMDRO2303><OEMLED2303>0</OEMLED2303><OEMDRO2304>0.</OEMDRO2304><OEMLED2304>0</OEMLED2304><OEMDRO2305>0.</OEMDRO2305><OEMLED2305>0</OEMLED2305><OEMDRO2306>0.</OEMDRO2306><OEMLED2306>0</OEMLED2306><OEMDRO2307>0.</OEMDRO2307><OEMLED2307>0</OEMLED2307><OEMDRO2308>0.</OEMDRO2308><OEMLED2308>0</OEMLED2308><OEMDRO2309>0.</OEMDRO2309><OEMLED2309>0</OEMLED2309><OEMDRO2310>0.</OEMDRO2310><OEMLED2310>0</OEMLED2310><OEMDRO2311>0.</OEMDRO2311><OEMLED2311>0</OEMLED2311><OEMDRO2312>0.</OEMDRO2312><OEMLED2312>0</OEMLED2312><OEMDRO2313>0.</OEMDRO2313><OEMLED2313>0</OEMLED2313><OEMDRO2314>0.</OEMDRO2314><OEMLED2314>0</OEMLED2314><OEMDRO2315>0.</OEMDRO2315><OEMLED2315>0</OEMLED2315><OEMDRO2316>0.</OEMDRO2316><OEMLED2316>0</OEMLED2316><OEMDRO2317>0.</OEMDRO2317><OEMLED2317>0</OEMLED2317><OEMDRO2318>0.</OEMDRO2318><OEMLED2318>0</OEMLED2318><OEMDRO2319>0.</OEMDRO2319><OEMLED2319>0</OEMLED2319><OEMDRO2320>0.</OEMDRO2320><OEMLED2320>0</OEMLED2320><OEMDRO2321>0.</OEMDRO2321><OEMLED2321>0</OEMLED2321><OEMDRO2322>0.</OEMDRO2322><OEMLED2322>0</OEMLED2322><OEMDRO2323>0.</OEMDRO2323><OEMLED2323>0</OEMLED2323><OEMDRO2324>0.</OEMDRO2324><OEMLED2324>0</OEMLED2324><OEMDRO2325>0.</OEMDRO2325><OEMLED2325>0</OEMLED2325><OEMDRO2326>0.</OEMDRO2326><OEMLED2326>0</OEMLED2326><OEMDRO2327>0.</OEMDRO2327><OEMLED2327>0</OEMLED2327><OEMDRO2328>0.</OEMDRO2328><OEMLED2328>0</OEMLED2328><OEMDRO2329>0.</OEMDRO2329><OEMLED2329>0</OEMLED2329><OEMDRO2330>0.</OEMDRO2330><OEMLED2330>0</OEMLED2330><OEMDRO2331>0.</OEMDRO2331><OEMLED2331>0</OEMLED2331><OEMDRO2332>0.</OEMDRO2332><OEMLED2332>0</OEMLED2332><OEMDRO2333>0.</OEMDRO2333><OEMLED2333>0</OEMLED2333><OEMDRO2334>0.</OEMDRO2334><OEMLED2334>0</OEMLED2334><OEMDRO2335>0.</OEMDRO2335><OEMLED2335>0</OEMLED2335><OEMDRO2336>0.</OEMDRO2336><OEMLED2336>0</OEMLED2336><OEMDRO2337>0.</OEMDRO2337><OEMLED2337>0</OEMLED2337><OEMDRO2338>0.</OEMDRO2338><OEMLED2338>0</OEMLED2338><OEMDRO2339>0.</OEMDRO2339><OEMLED2339>0</OEMLED2339><OEMDRO2340>0.</OEMDRO2340><OEMLED2340>0</OEMLED2340><OEMDRO2341>0.</OEMDRO2341><OEMLED2341>0</OEMLED2341><OEMDRO2342>0.</OEMDRO2342><OEMLED2342>0</OEMLED2342><OEMDRO2343>0.</OEMDRO2343><OEMLED2343>0</OEMLED2343><OEMDRO2344>0.</OEMDRO2344><OEMLED2344>0</OEMLED2344><OEMDRO2345>0.</OEMDRO2345><OEMLED2345>0</OEMLED2345><OEMDRO2346>0.</OEMDRO2346><OEMLED2346>0</OEMLED2346><OEMDRO2347>0.</OEMDRO2347><OEMLED2347>0</OEMLED2347><OEMDRO2348>0.</OEMDRO2348><OEMLED2348>0</OEMLED2348><OEMDRO2349>0.</OEMDRO2349><OEMLED2349>0</OEMLED2349><OEMDRO2350>0.</OEMDRO2350><OEMLED2350>0</OEMLED2350><OEMDRO2351>0.</OEMDRO2351><OEMLED2351>0</OEMLED2351><OEMDRO2352>0.</OEMDRO2352><OEMLED2352>0</OEMLED2352><OEMDRO2353>0.</OEMDRO2353><OEMLED2353>0</OEMLED2353><OEMDRO2354>0.</OEMDRO2354><OEMLED2354>0</OEMLED2354><OEMDRO2355>0.</OEMDRO2355><OEMLED2355>0</OEMLED2355><OEMDRO2356>0.</OEMDRO2356><OEMLED2356>0</OEMLED2356><OEMDRO2357>0.</OEMDRO2357><OEMLED2357>0</OEMLED2357><OEMDRO2358>0.</OEMDRO2358><OEMLED2358>0</OEMLED2358><OEMDRO2359>0.</OEMDRO2359><OEMLED2359>0</OEMLED2359><OEMDRO2360>0.</OEMDRO2360><OEMLED2360>0</OEMLED2360><OEMDRO2361>0.</OEMDRO2361><OEMLED2361>0</OEMLED2361><OEMDRO2362>0.</OEMDRO2362><OEMLED2362>0</OEMLED2362><OEMDRO2363>0.</OEMDRO2363><OEMLED2363>0</OEMLED2363><OEMDRO2364>0.</OEMDRO2364><OEMLED2364>0</OEMLED2364><OEMDRO2365>0.</OEMDRO2365><OEMLED2365>0</OEMLED2365><OEMDRO2366>0.</OEMDRO2366><OEMLED2366>0</OEMLED2366><OEMDRO2367>0.</OEMDRO2367><OEMLED2367>0</OEMLED2367><OEMDRO2368>0.</OEMDRO2368><OEMLED2368>0</OEMLED2368><OEMDRO2369>0.</OEMDRO2369><OEMLED2369>0</OEMLED2369><OEMDRO2370>0.</OEMDRO2370><OEMLED2370>0</OEMLED2370><OEMDRO2371>0.</OEMDRO2371><OEMLED2371>0</OEMLED2371><OEMDRO2372>0.</OEMDRO2372><OEMLED2372>0</OEMLED2372><OEMDRO2373>0.</OEMDRO2373><OEMLED2373>0</OEMLED2373><OEMDRO2374>0.</OEMDRO2374><OEMLED2374>0</OEMLED2374><OEMDRO2375>0.</OEMDRO2375><OEMLED2375>0</OEMLED2375><OEMDRO2376>0.</OEMDRO2376><OEMLED2376>0</OEMLED2376><OEMDRO2377>0.</OEMDRO2377><OEMLED2377>0</OEMLED2377><OEMDRO2378>0.</OEMDRO2378><OEMLED2378>0</OEMLED2378><OEMDRO2379>0.</OEMDRO2379><OEMLED2379>0</OEMLED2379><OEMDRO2380>0.</OEMDRO2380><OEMLED2380>0</OEMLED2380><OEMDRO2381>0.</OEMDRO2381><OEMLED2381>0</OEMLED2381><OEMDRO2382>0.</OEMDRO2382><OEMLED2382>0</OEMLED2382><OEMDRO2383>0.</OEMDRO2383><OEMLED2383>0</OEMLED2383><OEMDRO2384>0.</OEMDRO2384><OEMLED2384>0</OEMLED2384><OEMDRO2385>0.</OEMDRO2385><OEMLED2385>0</OEMLED2385><OEMDRO2386>0.</OEMDRO2386><OEMLED2386>0</OEMLED2386><OEMDRO2387>0.</OEMDRO2387><OEMLED2387>0</OEMLED2387><OEMDRO2388>0.</OEMDRO2388><OEMLED2388>0</OEMLED2388><OEMDRO2389>0.</OEMDRO2389><OEMLED2389>0</OEMLED2389><OEMDRO2390>0.</OEMDRO2390><OEMLED2390>0</OEMLED2390><OEMDRO2391>0.</OEMDRO2391><OEMLED2391>0</OEMLED2391><OEMDRO2392>0.</OEMDRO2392><OEMLED2392>0</OEMLED2392><OEMDRO2393>0.</OEMDRO2393><OEMLED2393>0</OEMLED2393><OEMDRO2394>0.</OEMDRO2394><OEMLED2394>0</OEMLED2394><OEMDRO2395>0.</OEMDRO2395><OEMLED2395>0</OEMLED2395><OEMDRO2396>0.</OEMDRO2396><OEMLED2396>0</OEMLED2396><OEMDRO2397>0.</OEMDRO2397><OEMLED2397>0</OEMLED2397><OEMDRO2398>0.</OEMDRO2398><OEMLED2398>0</OEMLED2398><OEMDRO2399>0.</OEMDRO2399><OEMLED2399>0</OEMLED2399><OEMDRO2400>0.</OEMDRO2400><OEMLED2400>0</OEMLED2400><OEMDRO2401>0.</OEMDRO2401><OEMLED2401>0</OEMLED2401><OEMDRO2402>0.</OEMDRO2402><OEMLED2402>0</OEMLED2402><OEMDRO2403>0.</OEMDRO2403><OEMLED2403>0</OEMLED2403><OEMDRO2404>0.</OEMDRO2404><OEMLED2404>0</OEMLED2404><OEMDRO2405>0.</OEMDRO2405><OEMLED2405>0</OEMLED2405><OEMDRO2406>0.</OEMDRO2406><OEMLED2406>0</OEMLED2406><OEMDRO2407>0.</OEMDRO2407><OEMLED2407>0</OEMLED2407><OEMDRO2408>0.</OEMDRO2408><OEMLED2408>0</OEMLED2408><OEMDRO2409>0.</OEMDRO2409><OEMLED2409>0</OEMLED2409><OEMDRO2410>0.</OEMDRO2410><OEMLED2410>0</OEMLED2410><OEMDRO2411>0.</OEMDRO2411><OEMLED2411>0</OEMLED2411><OEMDRO2412>0.</OEMDRO2412><OEMLED2412>0</OEMLED2412><OEMDRO2413>0.</OEMDRO2413><OEMLED2413>0</OEMLED2413><OEMDRO2414>0.</OEMDRO2414><OEMLED2414>0</OEMLED2414><OEMDRO2415>0.</OEMDRO2415><OEMLED2415>0</OEMLED2415><OEMDRO2416>0.</OEMDRO2416><OEMLED2416>0</OEMLED2416><OEMDRO2417>0.</OEMDRO2417><OEMLED2417>0</OEMLED2417><OEMDRO2418>0.</OEMDRO2418><OEMLED2418>0</OEMLED2418><OEMDRO2419>0.</OEMDRO2419><OEMLED2419>0</OEMLED2419><OEMDRO2420>0.</OEMDRO2420><OEMLED2420>0</OEMLED2420><OEMDRO2421>0.</OEMDRO2421><OEMLED2421>0</OEMLED2421><OEMDRO2422>0.</OEMDRO2422><OEMLED2422>0</OEMLED2422><OEMDRO2423>0.</OEMDRO2423><OEMLED2423>0</OEMLED2423><OEMDRO2424>0.</OEMDRO2424><OEMLED2424>0</OEMLED2424><OEMDRO2425>0.</OEMDRO2425><OEMLED2425>0</OEMLED2425><OEMDRO2426>0.</OEMDRO2426><OEMLED2426>0</OEMLED2426><OEMDRO2427>0.</OEMDRO2427><OEMLED2427>0</OEMLED2427><OEMDRO2428>0.</OEMDRO2428><OEMLED2428>0</OEMLED2428><OEMDRO2429>0.</OEMDRO2429><OEMLED2429>0</OEMLED2429><OEMDRO2430>0.</OEMDRO2430><OEMLED2430>0</OEMLED2430><OEMDRO2431>0.</OEMDRO2431><OEMLED2431>0</OEMLED2431><OEMDRO2432>0.</OEMDRO2432><OEMLED2432>0</OEMLED2432><OEMDRO2433>0.</OEMDRO2433><OEMLED2433>0</OEMLED2433><OEMDRO2434>0.</OEMDRO2434><OEMLED2434>0</OEMLED2434><OEMDRO2435>0.</OEMDRO2435><OEMLED2435>0</OEMLED2435><OEMDRO2436>0.</OEMDRO2436><OEMLED2436>0</OEMLED2436><OEMDRO2437>0.</OEMDRO2437><OEMLED2437>0</OEMLED2437><OEMDRO2438>0.</OEMDRO2438><OEMLED2438>0</OEMLED2438><OEMDRO2439>0.</OEMDRO2439><OEMLED2439>0</OEMLED2439><OEMDRO2440>0.</OEMDRO2440><OEMLED2440>0</OEMLED2440><OEMDRO2441>0.</OEMDRO2441><OEMLED2441>0</OEMLED2441><OEMDRO2442>0.</OEMDRO2442><OEMLED2442>0</OEMLED2442><OEMDRO2443>0.</OEMDRO2443><OEMLED2443>0</OEMLED2443><OEMDRO2444>0.</OEMDRO2444><OEMLED2444>0</OEMLED2444><OEMDRO2445>0.</OEMDRO2445><OEMLED2445>0</OEMLED2445><OEMDRO2446>0.</OEMDRO2446><OEMLED2446>0</OEMLED2446><OEMDRO2447>0.</OEMDRO2447><OEMLED2447>0</OEMLED2447><OEMDRO2448>0.</OEMDRO2448><OEMLED2448>0</OEMLED2448><OEMDRO2449>0.</OEMDRO2449><OEMLED2449>0</OEMLED2449><OEMDRO2450>0.</OEMDRO2450><OEMLED2450>0</OEMLED2450><OEMDRO2451>0.</OEMDRO2451><OEMLED2451>0</OEMLED2451><OEMDRO2452>0.</OEMDRO2452><OEMLED2452>0</OEMLED2452><OEMDRO2453>0.</OEMDRO2453><OEMLED2453>0</OEMLED2453><OEMDRO2454>0.</OEMDRO2454><OEMLED2454>0</OEMLED2454><OEMDRO2455>0.</OEMDRO2455><OEMLED2455>0</OEMLED2455><OEMDRO2456>0.</OEMDRO2456><OEMLED2456>0</OEMLED2456><OEMDRO2457>0.</OEMDRO2457><OEMLED2457>0</OEMLED2457><OEMDRO2458>0.</OEMDRO2458><OEMLED2458>0</OEMLED2458><OEMDRO2459>0.</OEMDRO2459><OEMLED2459>0</OEMLED2459><OEMDRO2460>0.</OEMDRO2460><OEMLED2460>0</OEMLED2460><OEMDRO2461>0.</OEMDRO2461><OEMLED2461>0</OEMLED2461><OEMDRO2462>0.</OEMDRO2462><OEMLED2462>0</OEMLED2462><OEMDRO2463>0.</OEMDRO2463><OEMLED2463>0</OEMLED2463><OEMDRO2464>0.</OEMDRO2464><OEMLED2464>0</OEMLED2464><OEMDRO2465>0.</OEMDRO2465><OEMLED2465>0</OEMLED2465><OEMDRO2466>0.</OEMDRO2466><OEMLED2466>0</OEMLED2466><OEMDRO2467>0.</OEMDRO2467><OEMLED2467>0</OEMLED2467><OEMDRO2468>0.</OEMDRO2468><OEMLED2468>0</OEMLED2468><OEMDRO2469>0.</OEMDRO2469><OEMLED2469>0</OEMLED2469><OEMDRO2470>0.</OEMDRO2470><OEMLED2470>0</OEMLED2470><OEMDRO2471>0.</OEMDRO2471><OEMLED2471>0</OEMLED2471><OEMDRO2472>0.</OEMDRO2472><OEMLED2472>0</OEMLED2472><OEMDRO2473>0.</OEMDRO2473><OEMLED2473>0</OEMLED2473><OEMDRO2474>0.</OEMDRO2474><OEMLED2474>0</OEMLED2474><OEMDRO2475>0.</OEMDRO2475><OEMLED2475>0</OEMLED2475><OEMDRO2476>0.</OEMDRO2476><OEMLED2476>0</OEMLED2476><OEMDRO2477>0.</OEMDRO2477><OEMLED2477>0</OEMLED2477><OEMDRO2478>0.</OEMDRO2478><OEMLED2478>0</OEMLED2478><OEMDRO2479>0.</OEMDRO2479><OEMLED2479>0</OEMLED2479><OEMDRO2480>0.</OEMDRO2480><OEMLED2480>0</OEMLED2480><OEMDRO2481>0.</OEMDRO2481><OEMLED2481>0</OEMLED2481><OEMDRO2482>0.</OEMDRO2482><OEMLED2482>0</OEMLED2482><OEMDRO2483>0.</OEMDRO2483><OEMLED2483>0</OEMLED2483><OEMDRO2484>0.</OEMDRO2484><OEMLED2484>0</OEMLED2484><OEMDRO2485>0.</OEMDRO2485><OEMLED2485>0</OEMLED2485><OEMDRO2486>0.</OEMDRO2486><OEMLED2486>0</OEMLED2486><OEMDRO2487>0.</OEMDRO2487><OEMLED2487>0</OEMLED2487><OEMDRO2488>0.</OEMDRO2488><OEMLED2488>0</OEMLED2488><OEMDRO2489>0.</OEMDRO2489><OEMLED2489>0</OEMLED2489><OEMDRO2490>0.</OEMDRO2490><OEMLED2490>0</OEMLED2490><OEMDRO2491>0.</OEMDRO2491><OEMLED2491>0</OEMLED2491><OEMDRO2492>0.</OEMDRO2492><OEMLED2492>0</OEMLED2492><OEMDRO2493>0.</OEMDRO2493><OEMLED2493>0</OEMLED2493><OEMDRO2494>0.</OEMDRO2494><OEMLED2494>0</OEMLED2494><OEMDRO2495>0.</OEMDRO2495><OEMLED2495>0</OEMLED2495><OEMDRO2496>0.</OEMDRO2496><OEMLED2496>0</OEMLED2496><OEMDRO2497>0.</OEMDRO2497><OEMLED2497>0</OEMLED2497><OEMDRO2498>0.</OEMDRO2498><OEMLED2498>0</OEMLED2498><OEMDRO2499>0.</OEMDRO2499><OEMLED2499>0</OEMLED2499><OEMDRO2500>0.</OEMDRO2500><OEMLED2500>0</OEMLED2500><OEMDRO2501>0.</OEMDRO2501><OEMLED2501>0</OEMLED2501><OEMDRO2502>0.</OEMDRO2502><OEMLED2502>0</OEMLED2502><OEMDRO2503>0.</OEMDRO2503><OEMLED2503>0</OEMLED2503><OEMDRO2504>0.</OEMDRO2504><OEMLED2504>0</OEMLED2504><OEMDRO2505>0.</OEMDRO2505><OEMLED2505>0</OEMLED2505><OEMDRO2506>0.</OEMDRO2506><OEMLED2506>0</OEMLED2506><OEMDRO2507>0.</OEMDRO2507><OEMLED2507>0</OEMLED2507><OEMDRO2508>0.</OEMDRO2508><OEMLED2508>0</OEMLED2508><OEMDRO2509>0.</OEMDRO2509><OEMLED2509>0</OEMLED2509><OEMDRO2510>0.</OEMDRO2510><OEMLED2510>0</OEMLED2510><OEMDRO2511>0.</OEMDRO2511><OEMLED2511>0</OEMLED2511><OEMDRO2512>0.</OEMDRO2512><OEMLED2512>0</OEMLED2512><OEMDRO2513>0.</OEMDRO2513><OEMLED2513>0</OEMLED2513><OEMDRO2514>0.</OEMDRO2514><OEMLED2514>0</OEMLED2514><OEMDRO2515>0.</OEMDRO2515><OEMLED2515>0</OEMLED2515><OEMDRO2516>0.</OEMDRO2516><OEMLED2516>0</OEMLED2516><OEMDRO2517>0.</OEMDRO2517><OEMLED2517>0</OEMLED2517><OEMDRO2518>0.</OEMDRO2518><OEMLED2518>0</OEMLED2518><OEMDRO2519>0.</OEMDRO2519><OEMLED2519>0</OEMLED2519><OEMDRO2520>0.</OEMDRO2520><OEMLED2520>0</OEMLED2520><OEMDRO2521>0.</OEMDRO2521><OEMLED2521>0</OEMLED2521><OEMDRO2522>0.</OEMDRO2522><OEMLED2522>0</OEMLED2522><OEMDRO2523>0.</OEMDRO2523><OEMLED2523>0</OEMLED2523><OEMDRO2524>0.</OEMDRO2524><OEMLED2524>0</OEMLED2524><OEMDRO2525>0.</OEMDRO2525><OEMLED2525>0</OEMLED2525><OEMDRO2526>0.</OEMDRO2526><OEMLED2526>0</OEMLED2526><OEMDRO2527>0.</OEMDRO2527><OEMLED2527>0</OEMLED2527><OEMDRO2528>0.</OEMDRO2528><OEMLED2528>0</OEMLED2528><OEMDRO2529>0.</OEMDRO2529><OEMLED2529>0</OEMLED2529><OEMDRO2530>0.</OEMDRO2530><OEMLED2530>0</OEMLED2530><OEMDRO2531>0.</OEMDRO2531><OEMLED2531>0</OEMLED2531><OEMDRO2532>0.</OEMDRO2532><OEMLED2532>0</OEMLED2532><OEMDRO2533>0.</OEMDRO2533><OEMLED2533>0</OEMLED2533><OEMDRO2534>0.</OEMDRO2534><OEMLED2534>0</OEMLED2534><OEMDRO2535>0.</OEMDRO2535><OEMLED2535>0</OEMLED2535><OEMDRO2536>0.</OEMDRO2536><OEMLED2536>0</OEMLED2536><OEMDRO2537>0.</OEMDRO2537><OEMLED2537>0</OEMLED2537><OEMDRO2538>0.</OEMDRO2538><OEMLED2538>0</OEMLED2538><OEMDRO2539>0.</OEMDRO2539><OEMLED2539>0</OEMLED2539><OEMDRO2540>0.</OEMDRO2540><OEMLED2540>0</OEMLED2540><OEMDRO2541>0.</OEMDRO2541><OEMLED2541>0</OEMLED2541><OEMDRO2542>0.</OEMDRO2542><OEMLED2542>0</OEMLED2542><OEMDRO2543>0.</OEMDRO2543><OEMLED2543>0</OEMLED2543><OEMDRO2544>0.</OEMDRO2544><OEMLED2544>0</OEMLED2544><OEMDRO2545>0.</OEMDRO2545><OEMLED2545>0</OEMLED2545><OEMDRO2546>0.</OEMDRO2546><OEMLED2546>0</OEMLED2546><OEMDRO2547>0.</OEMDRO2547><OEMLED2547>0</OEMLED2547><OEMDRO2548>0.</OEMDRO2548><OEMLED2548>0</OEMLED2548><OEMDRO2549>0.</OEMDRO2549><OEMLED2549>0</OEMLED2549><OEMDRO2550>0.</OEMDRO2550><OEMLED2550>0</OEMLED2550><OEMDRO2551>0.</OEMDRO2551><OEMLED2551>0</OEMLED2551><OEMDRO2552>0.</OEMDRO2552><OEMLED2552>0</OEMLED2552><OEMDRO2553>0.</OEMDRO2553><OEMLED2553>0</OEMLED2553><OEMDRO2554>0.</OEMDRO2554><OEMLED2554>0</OEMLED2554><OEMDRO2555>0.</OEMDRO2555><OEMLED2555>0</OEMLED2555><OEMDRO2556>0.</OEMDRO2556><OEMLED2556>0</OEMLED2556><OEMDRO2557>0.</OEMDRO2557><OEMLED2557>0</OEMLED2557><OEMDRO2558>0.</OEMDRO2558><OEMLED2558>0</OEMLED2558><OEMDRO2559>0.</OEMDRO2559><OEMLED2559>0</OEMLED2559><OEMDRO2560>0.</OEMDRO2560><OEMLED2560>0</OEMLED2560><OEMDRO2561>0.</OEMDRO2561><OEMLED2561>0</OEMLED2561><OEMDRO2562>0.</OEMDRO2562><OEMLED2562>0</OEMLED2562><OEMDRO2563>0.</OEMDRO2563><OEMLED2563>0</OEMLED2563><OEMDRO2564>0.</OEMDRO2564><OEMLED2564>0</OEMLED2564><OEMDRO2565>0.</OEMDRO2565><OEMLED2565>0</OEMLED2565><OEMDRO2566>0.</OEMDRO2566><OEMLED2566>0</OEMLED2566><OEMDRO2567>0.</OEMDRO2567><OEMLED2567>0</OEMLED2567><OEMDRO2568>0.</OEMDRO2568><OEMLED2568>0</OEMLED2568><OEMDRO2569>0.</OEMDRO2569><OEMLED2569>0</OEMLED2569><OEMDRO2570>0.</OEMDRO2570><OEMLED2570>0</OEMLED2570><OEMDRO2571>0.</OEMDRO2571><OEMLED2571>0</OEMLED2571><OEMDRO2572>0.</OEMDRO2572><OEMLED2572>0</OEMLED2572><OEMDRO2573>0.</OEMDRO2573><OEMLED2573>0</OEMLED2573><OEMDRO2574>0.</OEMDRO2574><OEMLED2574>0</OEMLED2574><OEMDRO2575>0.</OEMDRO2575><OEMLED2575>0</OEMLED2575><OEMDRO2576>0.</OEMDRO2576><OEMLED2576>0</OEMLED2576><OEMDRO2577>0.</OEMDRO2577><OEMLED2577>0</OEMLED2577><OEMDRO2578>0.</OEMDRO2578><OEMLED2578>0</OEMLED2578><OEMDRO2579>0.</OEMDRO2579><OEMLED2579>0</OEMLED2579><OEMDRO2580>0.</OEMDRO2580><OEMLED2580>0</OEMLED2580><OEMDRO2581>0.</OEMDRO2581><OEMLED2581>0</OEMLED2581><OEMDRO2582>0.</OEMDRO2582><OEMLED2582>0</OEMLED2582><OEMDRO2583>0.</OEMDRO2583><OEMLED2583>0</OEMLED2583><OEMDRO2584>0.</OEMDRO2584><OEMLED2584>0</OEMLED2584><OEMDRO2585>0.</OEMDRO2585><OEMLED2585>0</OEMLED2585><OEMDRO2586>0.</OEMDRO2586><OEMLED2586>0</OEMLED2586><OEMDRO2587>0.</OEMDRO2587><OEMLED2587>0</OEMLED2587><OEMDRO2588>0.</OEMDRO2588><OEMLED2588>0</OEMLED2588><OEMDRO2589>0.</OEMDRO2589><OEMLED2589>0</OEMLED2589><OEMDRO2590>0.</OEMDRO2590><OEMLED2590>0</OEMLED2590><OEMDRO2591>0.</OEMDRO2591><OEMLED2591>0</OEMLED2591><OEMDRO2592>0.</OEMDRO2592><OEMLED2592>0</OEMLED2592><OEMDRO2593>0.</OEMDRO2593><OEMLED2593>0</OEMLED2593><OEMDRO2594>0.</OEMDRO2594><OEMLED2594>0</OEMLED2594><OEMDRO2595>0.</OEMDRO2595><OEMLED2595>0</OEMLED2595><OEMDRO2596>0.</OEMDRO2596><OEMLED2596>0</OEMLED2596><OEMDRO2597>0.</OEMDRO2597><OEMLED2597>0</OEMLED2597><OEMDRO2598>0.</OEMDRO2598><OEMLED2598>0</OEMLED2598><OEMDRO2599>0.</OEMDRO2599><OEMLED2599>0</OEMLED2599><OEMDRO2600>0.</OEMDRO2600><OEMLED2600>0</OEMLED2600><OEMDRO2601>0.</OEMDRO2601><OEMLED2601>0</OEMLED2601><OEMDRO2602>0.</OEMDRO2602><OEMLED2602>0</OEMLED2602><OEMDRO2603>0.</OEMDRO2603><OEMLED2603>0</OEMLED2603><OEMDRO2604>0.</OEMDRO2604><OEMLED2604>0</OEMLED2604><OEMDRO2605>0.</OEMDRO2605><OEMLED2605>0</OEMLED2605><OEMDRO2606>0.</OEMDRO2606><OEMLED2606>0</OEMLED2606><OEMDRO2607>0.</OEMDRO2607><OEMLED2607>0</OEMLED2607><OEMDRO2608>0.</OEMDRO2608><OEMLED2608>0</OEMLED2608><OEMDRO2609>0.</OEMDRO2609><OEMLED2609>0</OEMLED2609><OEMDRO2610>0.</OEMDRO2610><OEMLED2610>0</OEMLED2610><OEMDRO2611>0.</OEMDRO2611><OEMLED2611>0</OEMLED2611><OEMDRO2612>0.</OEMDRO2612><OEMLED2612>0</OEMLED2612><OEMDRO2613>0.</OEMDRO2613><OEMLED2613>0</OEMLED2613><OEMDRO2614>0.</OEMDRO2614><OEMLED2614>0</OEMLED2614><OEMDRO2615>0.</OEMDRO2615><OEMLED2615>0</OEMLED2615><OEMDRO2616>0.</OEMDRO2616><OEMLED2616>0</OEMLED2616><OEMDRO2617>0.</OEMDRO2617><OEMLED2617>0</OEMLED2617><OEMDRO2618>0.</OEMDRO2618><OEMLED2618>0</OEMLED2618><OEMDRO2619>0.</OEMDRO2619><OEMLED2619>0</OEMLED2619><OEMDRO2620>0.</OEMDRO2620><OEMLED2620>0</OEMLED2620><OEMDRO2621>0.</OEMDRO2621><OEMLED2621>0</OEMLED2621><OEMDRO2622>0.</OEMDRO2622><OEMLED2622>0</OEMLED2622><OEMDRO2623>0.</OEMDRO2623><OEMLED2623>0</OEMLED2623><OEMDRO2624>0.</OEMDRO2624><OEMLED2624>0</OEMLED2624><OEMDRO2625>0.</OEMDRO2625><OEMLED2625>0</OEMLED2625><OEMDRO2626>0.</OEMDRO2626><OEMLED2626>0</OEMLED2626><OEMDRO2627>0.</OEMDRO2627><OEMLED2627>0</OEMLED2627><OEMDRO2628>0.</OEMDRO2628><OEMLED2628>0</OEMLED2628><OEMDRO2629>0.</OEMDRO2629><OEMLED2629>0</OEMLED2629><OEMDRO2630>0.</OEMDRO2630><OEMLED2630>0</OEMLED2630><OEMDRO2631>0.</OEMDRO2631><OEMLED2631>0</OEMLED2631><OEMDRO2632>0.</OEMDRO2632><OEMLED2632>0</OEMLED2632><OEMDRO2633>0.</OEMDRO2633><OEMLED2633>0</OEMLED2633><OEMDRO2634>0.</OEMDRO2634><OEMLED2634>0</OEMLED2634><OEMDRO2635>0.</OEMDRO2635><OEMLED2635>0</OEMLED2635><OEMDRO2636>0.</OEMDRO2636><OEMLED2636>0</OEMLED2636><OEMDRO2637>0.</OEMDRO2637><OEMLED2637>0</OEMLED2637><OEMDRO2638>0.</OEMDRO2638><OEMLED2638>0</OEMLED2638><OEMDRO2639>0.</OEMDRO2639><OEMLED2639>0</OEMLED2639><OEMDRO2640>0.</OEMDRO2640><OEMLED2640>0</OEMLED2640><OEMDRO2641>0.</OEMDRO2641><OEMLED2641>0</OEMLED2641><OEMDRO2642>0.</OEMDRO2642><OEMLED2642>0</OEMLED2642><OEMDRO2643>0.</OEMDRO2643><OEMLED2643>0</OEMLED2643><OEMDRO2644>0.</OEMDRO2644><OEMLED2644>0</OEMLED2644><OEMDRO2645>0.</OEMDRO2645><OEMLED2645>0</OEMLED2645><OEMDRO2646>0.</OEMDRO2646><OEMLED2646>0</OEMLED2646><OEMDRO2647>0.</OEMDRO2647><OEMLED2647>0</OEMLED2647><OEMDRO2648>0.</OEMDRO2648><OEMLED2648>0</OEMLED2648><OEMDRO2649>0.</OEMDRO2649><OEMLED2649>0</OEMLED2649><OEMDRO2650>0.</OEMDRO2650><OEMLED2650>0</OEMLED2650><OEMDRO2651>0.</OEMDRO2651><OEMLED2651>0</OEMLED2651><OEMDRO2652>0.</OEMDRO2652><OEMLED2652>0</OEMLED2652><OEMDRO2653>0.</OEMDRO2653><OEMLED2653>0</OEMLED2653><OEMDRO2654>0.</OEMDRO2654><OEMLED2654>0</OEMLED2654><OEMDRO2655>0.</OEMDRO2655><OEMLED2655>0</OEMLED2655><OEMDRO2656>0.</OEMDRO2656><OEMLED2656>0</OEMLED2656><OEMDRO2657>0.</OEMDRO2657><OEMLED2657>0</OEMLED2657><OEMDRO2658>0.</OEMDRO2658><OEMLED2658>0</OEMLED2658><OEMDRO2659>0.</OEMDRO2659><OEMLED2659>0</OEMLED2659><OEMDRO2660>0.</OEMDRO2660><OEMLED2660>0</OEMLED2660><OEMDRO2661>0.</OEMDRO2661><OEMLED2661>0</OEMLED2661><OEMDRO2662>0.</OEMDRO2662><OEMLED2662>0</OEMLED2662><OEMDRO2663>0.</OEMDRO2663><OEMLED2663>0</OEMLED2663><OEMDRO2664>0.</OEMDRO2664><OEMLED2664>0</OEMLED2664><OEMDRO2665>0.</OEMDRO2665><OEMLED2665>0</OEMLED2665><OEMDRO2666>0.</OEMDRO2666><OEMLED2666>0</OEMLED2666><OEMDRO2667>0.</OEMDRO2667><OEMLED2667>0</OEMLED2667><OEMDRO2668>0.</OEMDRO2668><OEMLED2668>0</OEMLED2668><OEMDRO2669>0.</OEMDRO2669><OEMLED2669>0</OEMLED2669><OEMDRO2670>0.</OEMDRO2670><OEMLED2670>0</OEMLED2670><OEMDRO2671>0.</OEMDRO2671><OEMLED2671>0</OEMLED2671><OEMDRO2672>0.</OEMDRO2672><OEMLED2672>0</OEMLED2672><OEMDRO2673>0.</OEMDRO2673><OEMLED2673>0</OEMLED2673><OEMDRO2674>0.</OEMDRO2674><OEMLED2674>0</OEMLED2674><OEMDRO2675>0.</OEMDRO2675><OEMLED2675>0</OEMLED2675><OEMDRO2676>0.</OEMDRO2676><OEMLED2676>0</OEMLED2676><OEMDRO2677>0.</OEMDRO2677><OEMLED2677>0</OEMLED2677><OEMDRO2678>0.</OEMDRO2678><OEMLED2678>0</OEMLED2678><OEMDRO2679>0.</OEMDRO2679><OEMLED2679>0</OEMLED2679><OEMDRO2680>0.</OEMDRO2680><OEMLED2680>0</OEMLED2680><OEMDRO2681>0.</OEMDRO2681><OEMLED2681>0</OEMLED2681><OEMDRO2682>0.</OEMDRO2682><OEMLED2682>0</OEMLED2682><OEMDRO2683>0.</OEMDRO2683><OEMLED2683>0</OEMLED2683><OEMDRO2684>0.</OEMDRO2684><OEMLED2684>0</OEMLED2684><OEMDRO2685>0.</OEMDRO2685><OEMLED2685>0</OEMLED2685><OEMDRO2686>0.</OEMDRO2686><OEMLED2686>0</OEMLED2686><OEMDRO2687>0.</OEMDRO2687><OEMLED2687>0</OEMLED2687><OEMDRO2688>0.</OEMDRO2688><OEMLED2688>0</OEMLED2688><OEMDRO2689>0.</OEMDRO2689><OEMLED2689>0</OEMLED2689><OEMDRO2690>0.</OEMDRO2690><OEMLED2690>0</OEMLED2690><OEMDRO2691>0.</OEMDRO2691><OEMLED2691>0</OEMLED2691><OEMDRO2692>0.</OEMDRO2692><OEMLED2692>0</OEMLED2692><OEMDRO2693>0.</OEMDRO2693><OEMLED2693>0</OEMLED2693><OEMDRO2694>0.</OEMDRO2694><OEMLED2694>0</OEMLED2694><OEMDRO2695>0.</OEMDRO2695><OEMLED2695>0</OEMLED2695><OEMDRO2696>0.</OEMDRO2696><OEMLED2696>0</OEMLED2696><OEMDRO2697>0.</OEMDRO2697><OEMLED2697>0</OEMLED2697><OEMDRO2698>0.</OEMDRO2698><OEMLED2698>0</OEMLED2698><OEMDRO2699>0.</OEMDRO2699><OEMLED2699>0</OEMLED2699><OEMDRO2700>0.</OEMDRO2700><OEMLED2700>0</OEMLED2700><OEMDRO2701>0.</OEMDRO2701><OEMLED2701>0</OEMLED2701><OEMDRO2702>0.</OEMDRO2702><OEMLED2702>0</OEMLED2702><OEMDRO2703>0.</OEMDRO2703><OEMLED2703>0</OEMLED2703><OEMDRO2704>0.</OEMDRO2704><OEMLED2704>0</OEMLED2704><OEMDRO2705>0.</OEMDRO2705><OEMLED2705>0</OEMLED2705><OEMDRO2706>0.</OEMDRO2706><OEMLED2706>0</OEMLED2706><OEMDRO2707>0.</OEMDRO2707><OEMLED2707>0</OEMLED2707><OEMDRO2708>0.</OEMDRO2708><OEMLED2708>0</OEMLED2708><OEMDRO2709>0.</OEMDRO2709><OEMLED2709>0</OEMLED2709><OEMDRO2710>0.</OEMDRO2710><OEMLED2710>0</OEMLED2710><OEMDRO2711>0.</OEMDRO2711><OEMLED2711>0</OEMLED2711><OEMDRO2712>0.</OEMDRO2712><OEMLED2712>0</OEMLED2712><OEMDRO2713>0.</OEMDRO2713><OEMLED2713>0</OEMLED2713><OEMDRO2714>0.</OEMDRO2714><OEMLED2714>0</OEMLED2714><OEMDRO2715>0.</OEMDRO2715><OEMLED2715>0</OEMLED2715><OEMDRO2716>0.</OEMDRO2716><OEMLED2716>0</OEMLED2716><OEMDRO2717>0.</OEMDRO2717><OEMLED2717>0</OEMLED2717><OEMDRO2718>0.</OEMDRO2718><OEMLED2718>0</OEMLED2718><OEMDRO2719>0.</OEMDRO2719><OEMLED2719>0</OEMLED2719><OEMDRO2720>0.</OEMDRO2720><OEMLED2720>0</OEMLED2720><OEMDRO2721>0.</OEMDRO2721><OEMLED2721>0</OEMLED2721><OEMDRO2722>0.</OEMDRO2722><OEMLED2722>0</OEMLED2722><OEMDRO2723>0.</OEMDRO2723><OEMLED2723>0</OEMLED2723><OEMDRO2724>0.</OEMDRO2724><OEMLED2724>0</OEMLED2724><OEMDRO2725>0.</OEMDRO2725><OEMLED2725>0</OEMLED2725><OEMDRO2726>0.</OEMDRO2726><OEMLED2726>0</OEMLED2726><OEMDRO2727>0.</OEMDRO2727><OEMLED2727>0</OEMLED2727><OEMDRO2728>0.</OEMDRO2728><OEMLED2728>0</OEMLED2728><OEMDRO2729>0.</OEMDRO2729><OEMLED2729>0</OEMLED2729><OEMDRO2730>0.</OEMDRO2730><OEMLED2730>0</OEMLED2730><OEMDRO2731>0.</OEMDRO2731><OEMLED2731>0</OEMLED2731><OEMDRO2732>0.</OEMDRO2732><OEMLED2732>0</OEMLED2732><OEMDRO2733>0.</OEMDRO2733><OEMLED2733>0</OEMLED2733><OEMDRO2734>0.</OEMDRO2734><OEMLED2734>0</OEMLED2734><OEMDRO2735>0.</OEMDRO2735><OEMLED2735>0</OEMLED2735><OEMDRO2736>0.</OEMDRO2736><OEMLED2736>0</OEMLED2736><OEMDRO2737>0.</OEMDRO2737><OEMLED2737>0</OEMLED2737><OEMDRO2738>0.</OEMDRO2738><OEMLED2738>0</OEMLED2738><OEMDRO2739>0.</OEMDRO2739><OEMLED2739>0</OEMLED2739><OEMDRO2740>0.</OEMDRO2740><OEMLED2740>0</OEMLED2740><OEMDRO2741>0.</OEMDRO2741><OEMLED2741>0</OEMLED2741><OEMDRO2742>0.</OEMDRO2742><OEMLED2742>0</OEMLED2742><OEMDRO2743>0.</OEMDRO2743><OEMLED2743>0</OEMLED2743><OEMDRO2744>0.</OEMDRO2744><OEMLED2744>0</OEMLED2744><OEMDRO2745>0.</OEMDRO2745><OEMLED2745>0</OEMLED2745><OEMDRO2746>0.</OEMDRO2746><OEMLED2746>0</OEMLED2746><OEMDRO2747>0.</OEMDRO2747><OEMLED2747>0</OEMLED2747><OEMDRO2748>0.</OEMDRO2748><OEMLED2748>0</OEMLED2748><OEMDRO2749>0.</OEMDRO2749><OEMLED2749>0</OEMLED2749><OEMDRO2750>0.</OEMDRO2750><OEMLED2750>0</OEMLED2750><OEMDRO2751>0.</OEMDRO2751><OEMLED2751>0</OEMLED2751><OEMDRO2752>0.</OEMDRO2752><OEMLED2752>0</OEMLED2752><OEMDRO2753>0.</OEMDRO2753><OEMLED2753>0</OEMLED2753><OEMDRO2754>0.</OEMDRO2754><OEMLED2754>0</OEMLED2754><OEMDRO2755>0.</OEMDRO2755><OEMLED2755>0</OEMLED2755><OEMDRO2756>0.</OEMDRO2756><OEMLED2756>0</OEMLED2756><OEMDRO2757>0.</OEMDRO2757><OEMLED2757>0</OEMLED2757><OEMDRO2758>0.</OEMDRO2758><OEMLED2758>0</OEMLED2758><OEMDRO2759>0.</OEMDRO2759><OEMLED2759>0</OEMLED2759><OEMDRO2760>0.</OEMDRO2760><OEMLED2760>0</OEMLED2760><OEMDRO2761>0.</OEMDRO2761><OEMLED2761>0</OEMLED2761><OEMDRO2762>0.</OEMDRO2762><OEMLED2762>0</OEMLED2762><OEMDRO2763>0.</OEMDRO2763><OEMLED2763>0</OEMLED2763><OEMDRO2764>0.</OEMDRO2764><OEMLED2764>0</OEMLED2764><OEMDRO2765>0.</OEMDRO2765><OEMLED2765>0</OEMLED2765><OEMDRO2766>0.</OEMDRO2766><OEMLED2766>0</OEMLED2766><OEMDRO2767>0.</OEMDRO2767><OEMLED2767>0</OEMLED2767><OEMDRO2768>0.</OEMDRO2768><OEMLED2768>0</OEMLED2768><OEMDRO2769>0.</OEMDRO2769><OEMLED2769>0</OEMLED2769><OEMDRO2770>0.</OEMDRO2770><OEMLED2770>0</OEMLED2770><OEMDRO2771>0.</OEMDRO2771><OEMLED2771>0</OEMLED2771><OEMDRO2772>0.</OEMDRO2772><OEMLED2772>0</OEMLED2772><OEMDRO2773>0.</OEMDRO2773><OEMLED2773>0</OEMLED2773><OEMDRO2774>0.</OEMDRO2774><OEMLED2774>0</OEMLED2774><OEMDRO2775>0.</OEMDRO2775><OEMLED2775>0</OEMLED2775><OEMDRO2776>0.</OEMDRO2776><OEMLED2776>0</OEMLED2776><OEMDRO2777>0.</OEMDRO2777><OEMLED2777>0</OEMLED2777><OEMDRO2778>0.</OEMDRO2778><OEMLED2778>0</OEMLED2778><OEMDRO2779>0.</OEMDRO2779><OEMLED2779>0</OEMLED2779><OEMDRO2780>0.</OEMDRO2780><OEMLED2780>0</OEMLED2780><OEMDRO2781>0.</OEMDRO2781><OEMLED2781>0</OEMLED2781><OEMDRO2782>0.</OEMDRO2782><OEMLED2782>0</OEMLED2782><OEMDRO2783>0.</OEMDRO2783><OEMLED2783>0</OEMLED2783><OEMDRO2784>0.</OEMDRO2784><OEMLED2784>0</OEMLED2784><OEMDRO2785>0.</OEMDRO2785><OEMLED2785>0</OEMLED2785><OEMDRO2786>0.</OEMDRO2786><OEMLED2786>0</OEMLED2786><OEMDRO2787>0.</OEMDRO2787><OEMLED2787>0</OEMLED2787><OEMDRO2788>0.</OEMDRO2788><OEMLED2788>0</OEMLED2788><OEMDRO2789>0.</OEMDRO2789><OEMLED2789>0</OEMLED2789><OEMDRO2790>0.</OEMDRO2790><OEMLED2790>0</OEMLED2790><OEMDRO2791>0.</OEMDRO2791><OEMLED2791>0</OEMLED2791><OEMDRO2792>0.</OEMDRO2792><OEMLED2792>0</OEMLED2792><OEMDRO2793>0.</OEMDRO2793><OEMLED2793>0</OEMLED2793><OEMDRO2794>0.</OEMDRO2794><OEMLED2794>0</OEMLED2794><OEMDRO2795>0.</OEMDRO2795><OEMLED2795>0</OEMLED2795><OEMDRO2796>0.</OEMDRO2796><OEMLED2796>0</OEMLED2796><OEMDRO2797>0.</OEMDRO2797><OEMLED2797>0</OEMLED2797><OEMDRO2798>0.</OEMDRO2798><OEMLED2798>0</OEMLED2798><OEMDRO2799>0.</OEMDRO2799><OEMLED2799>0</OEMLED2799><OEMDRO2800>0.</OEMDRO2800><OEMLED2800>0</OEMLED2800><OEMDRO2801>0.</OEMDRO2801><OEMLED2801>0</OEMLED2801><OEMDRO2802>0.</OEMDRO2802><OEMLED2802>0</OEMLED2802><OEMDRO2803>0.</OEMDRO2803><OEMLED2803>0</OEMLED2803><OEMDRO2804>0.</OEMDRO2804><OEMLED2804>0</OEMLED2804><OEMDRO2805>0.</OEMDRO2805><OEMLED2805>0</OEMLED2805><OEMDRO2806>0.</OEMDRO2806><OEMLED2806>0</OEMLED2806><OEMDRO2807>0.</OEMDRO2807><OEMLED2807>0</OEMLED2807><OEMDRO2808>0.</OEMDRO2808><OEMLED2808>0</OEMLED2808><OEMDRO2809>0.</OEMDRO2809><OEMLED2809>0</OEMLED2809><OEMDRO2810>0.</OEMDRO2810><OEMLED2810>0</OEMLED2810><OEMDRO2811>0.</OEMDRO2811><OEMLED2811>0</OEMLED2811><OEMDRO2812>0.</OEMDRO2812><OEMLED2812>0</OEMLED2812><OEMDRO2813>0.</OEMDRO2813><OEMLED2813>0</OEMLED2813><OEMDRO2814>0.</OEMDRO2814><OEMLED2814>0</OEMLED2814><OEMDRO2815>0.</OEMDRO2815><OEMLED2815>0</OEMLED2815><OEMDRO2816>0.</OEMDRO2816><OEMLED2816>0</OEMLED2816><OEMDRO2817>0.</OEMDRO2817><OEMLED2817>0</OEMLED2817><OEMDRO2818>0.</OEMDRO2818><OEMLED2818>0</OEMLED2818><OEMDRO2819>0.</OEMDRO2819><OEMLED2819>0</OEMLED2819><OEMDRO2820>0.</OEMDRO2820><OEMLED2820>0</OEMLED2820><OEMDRO2821>0.</OEMDRO2821><OEMLED2821>0</OEMLED2821><OEMDRO2822>0.</OEMDRO2822><OEMLED2822>0</OEMLED2822><OEMDRO2823>0.</OEMDRO2823><OEMLED2823>0</OEMLED2823><OEMDRO2824>0.</OEMDRO2824><OEMLED2824>0</OEMLED2824><OEMDRO2825>0.</OEMDRO2825><OEMLED2825>0</OEMLED2825><OEMDRO2826>0.</OEMDRO2826><OEMLED2826>0</OEMLED2826><OEMDRO2827>0.</OEMDRO2827><OEMLED2827>0</OEMLED2827><OEMDRO2828>0.</OEMDRO2828><OEMLED2828>0</OEMLED2828><OEMDRO2829>0.</OEMDRO2829><OEMLED2829>0</OEMLED2829><OEMDRO2830>0.</OEMDRO2830><OEMLED2830>0</OEMLED2830><OEMDRO2831>0.</OEMDRO2831><OEMLED2831>0</OEMLED2831><OEMDRO2832>0.</OEMDRO2832><OEMLED2832>0</OEMLED2832><OEMDRO2833>0.</OEMDRO2833><OEMLED2833>0</OEMLED2833><OEMDRO2834>0.</OEMDRO2834><OEMLED2834>0</OEMLED2834><OEMDRO2835>0.</OEMDRO2835><OEMLED2835>0</OEMLED2835><OEMDRO2836>0.</OEMDRO2836><OEMLED2836>0</OEMLED2836><OEMDRO2837>0.</OEMDRO2837><OEMLED2837>0</OEMLED2837><OEMDRO2838>0.</OEMDRO2838><OEMLED2838>0</OEMLED2838><OEMDRO2839>0.</OEMDRO2839><OEMLED2839>0</OEMLED2839><OEMDRO2840>0.</OEMDRO2840><OEMLED2840>0</OEMLED2840><OEMDRO2841>0.</OEMDRO2841><OEMLED2841>0</OEMLED2841><OEMDRO2842>0.</OEMDRO2842><OEMLED2842>0</OEMLED2842><OEMDRO2843>0.</OEMDRO2843><OEMLED2843>0</OEMLED2843><OEMDRO2844>0.</OEMDRO2844><OEMLED2844>0</OEMLED2844><OEMDRO2845>0.</OEMDRO2845><OEMLED2845>0</OEMLED2845><OEMDRO2846>0.</OEMDRO2846><OEMLED2846>0</OEMLED2846><OEMDRO2847>0.</OEMDRO2847><OEMLED2847>0</OEMLED2847><OEMDRO2848>0.</OEMDRO2848><OEMLED2848>0</OEMLED2848><OEMDRO2849>0.</OEMDRO2849><OEMLED2849>0</OEMLED2849><OEMDRO2850>0.</OEMDRO2850><OEMLED2850>0</OEMLED2850><OEMDRO2851>0.</OEMDRO2851><OEMLED2851>0</OEMLED2851><OEMDRO2852>0.</OEMDRO2852><OEMLED2852>0</OEMLED2852><OEMDRO2853>0.</OEMDRO2853><OEMLED2853>0</OEMLED2853><OEMDRO2854>0.</OEMDRO2854><OEMLED2854>0</OEMLED2854><OEMDRO2855>0.</OEMDRO2855><OEMLED2855>0</OEMLED2855><OEMDRO2856>0.</OEMDRO2856><OEMLED2856>0</OEMLED2856><OEMDRO2857>0.</OEMDRO2857><OEMLED2857>0</OEMLED2857><OEMDRO2858>0.</OEMDRO2858><OEMLED2858>0</OEMLED2858><OEMDRO2859>0.</OEMDRO2859><OEMLED2859>0</OEMLED2859><OEMDRO2860>0.</OEMDRO2860><OEMLED2860>0</OEMLED2860><OEMDRO2861>0.</OEMDRO2861><OEMLED2861>0</OEMLED2861><OEMDRO2862>0.</OEMDRO2862><OEMLED2862>0</OEMLED2862><OEMDRO2863>0.</OEMDRO2863><OEMLED2863>0</OEMLED2863><OEMDRO2864>0.</OEMDRO2864><OEMLED2864>0</OEMLED2864><OEMDRO2865>0.</OEMDRO2865><OEMLED2865>0</OEMLED2865><OEMDRO2866>0.</OEMDRO2866><OEMLED2866>0</OEMLED2866><OEMDRO2867>0.</OEMDRO2867><OEMLED2867>0</OEMLED2867><OEMDRO2868>0.</OEMDRO2868><OEMLED2868>0</OEMLED2868><OEMDRO2869>0.</OEMDRO2869><OEMLED2869>0</OEMLED2869><OEMDRO2870>0.</OEMDRO2870><OEMLED2870>0</OEMLED2870><OEMDRO2871>0.</OEMDRO2871><OEMLED2871>0</OEMLED2871><OEMDRO2872>0.</OEMDRO2872><OEMLED2872>0</OEMLED2872><OEMDRO2873>0.</OEMDRO2873><OEMLED2873>0</OEMLED2873><OEMDRO2874>0.</OEMDRO2874><OEMLED2874>0</OEMLED2874><OEMDRO2875>0.</OEMDRO2875><OEMLED2875>0</OEMLED2875><OEMDRO2876>0.</OEMDRO2876><OEMLED2876>0</OEMLED2876><OEMDRO2877>0.</OEMDRO2877><OEMLED2877>0</OEMLED2877><OEMDRO2878>0.</OEMDRO2878><OEMLED2878>0</OEMLED2878><OEMDRO2879>0.</OEMDRO2879><OEMLED2879>0</OEMLED2879><OEMDRO2880>0.</OEMDRO2880><OEMLED2880>0</OEMLED2880><OEMDRO2881>0.</OEMDRO2881><OEMLED2881>0</OEMLED2881><OEMDRO2882>0.</OEMDRO2882><OEMLED2882>0</OEMLED2882><OEMDRO2883>0.</OEMDRO2883><OEMLED2883>0</OEMLED2883><OEMDRO2884>0.</OEMDRO2884><OEMLED2884>0</OEMLED2884><OEMDRO2885>0.</OEMDRO2885><OEMLED2885>0</OEMLED2885><OEMDRO2886>0.</OEMDRO2886><OEMLED2886>0</OEMLED2886><OEMDRO2887>0.</OEMDRO2887><OEMLED2887>0</OEMLED2887><OEMDRO2888>0.</OEMDRO2888><OEMLED2888>0</OEMLED2888><OEMDRO2889>0.</OEMDRO2889><OEMLED2889>0</OEMLED2889><OEMDRO2890>0.</OEMDRO2890><OEMLED2890>0</OEMLED2890><OEMDRO2891>0.</OEMDRO2891><OEMLED2891>0</OEMLED2891><OEMDRO2892>0.</OEMDRO2892><OEMLED2892>0</OEMLED2892><OEMDRO2893>0.</OEMDRO2893><OEMLED2893>0</OEMLED2893><OEMDRO2894>0.</OEMDRO2894><OEMLED2894>0</OEMLED2894><OEMDRO2895>0.</OEMDRO2895><OEMLED2895>0</OEMLED2895><OEMDRO2896>0.</OEMDRO2896><OEMLED2896>0</OEMLED2896><OEMDRO2897>0.</OEMDRO2897><OEMLED2897>0</OEMLED2897><OEMDRO2898>0.</OEMDRO2898><OEMLED2898>0</OEMLED2898><OEMDRO2899>0.</OEMDRO2899><OEMLED2899>0</OEMLED2899><OEMDRO2900>0.</OEMDRO2900><OEMLED2900>0</OEMLED2900><OEMDRO2901>0.</OEMDRO2901><OEMLED2901>0</OEMLED2901><OEMDRO2902>0.</OEMDRO2902><OEMLED2902>0</OEMLED2902><OEMDRO2903>0.</OEMDRO2903><OEMLED2903>0</OEMLED2903><OEMDRO2904>0.</OEMDRO2904><OEMLED2904>0</OEMLED2904><OEMDRO2905>0.</OEMDRO2905><OEMLED2905>0</OEMLED2905><OEMDRO2906>0.</OEMDRO2906><OEMLED2906>0</OEMLED2906><OEMDRO2907>0.</OEMDRO2907><OEMLED2907>0</OEMLED2907><OEMDRO2908>0.</OEMDRO2908><OEMLED2908>0</OEMLED2908><OEMDRO2909>0.</OEMDRO2909><OEMLED2909>0</OEMLED2909><OEMDRO2910>0.</OEMDRO2910><OEMLED2910>0</OEMLED2910><OEMDRO2911>0.</OEMDRO2911><OEMLED2911>0</OEMLED2911><OEMDRO2912>0.</OEMDRO2912><OEMLED2912>0</OEMLED2912><OEMDRO2913>0.</OEMDRO2913><OEMLED2913>0</OEMLED2913><OEMDRO2914>0.</OEMDRO2914><OEMLED2914>0</OEMLED2914><OEMDRO2915>0.</OEMDRO2915><OEMLED2915>0</OEMLED2915><OEMDRO2916>0.</OEMDRO2916><OEMLED2916>0</OEMLED2916><OEMDRO2917>0.</OEMDRO2917><OEMLED2917>0</OEMLED2917><OEMDRO2918>0.</OEMDRO2918><OEMLED2918>0</OEMLED2918><OEMDRO2919>0.</OEMDRO2919><OEMLED2919>0</OEMLED2919><OEMDRO2920>0.</OEMDRO2920><OEMLED2920>0</OEMLED2920><OEMDRO2921>0.</OEMDRO2921><OEMLED2921>0</OEMLED2921><OEMDRO2922>0.</OEMDRO2922><OEMLED2922>0</OEMLED2922><OEMDRO2923>0.</OEMDRO2923><OEMLED2923>0</OEMLED2923><OEMDRO2924>0.</OEMDRO2924><OEMLED2924>0</OEMLED2924><OEMDRO2925>0.</OEMDRO2925><OEMLED2925>0</OEMLED2925><OEMDRO2926>0.</OEMDRO2926><OEMLED2926>0</OEMLED2926><OEMDRO2927>0.</OEMDRO2927><OEMLED2927>0</OEMLED2927><OEMDRO2928>0.</OEMDRO2928><OEMLED2928>0</OEMLED2928><OEMDRO2929>0.</OEMDRO2929><OEMLED2929>0</OEMLED2929><OEMDRO2930>0.</OEMDRO2930><OEMLED2930>0</OEMLED2930><OEMDRO2931>0.</OEMDRO2931><OEMLED2931>0</OEMLED2931><OEMDRO2932>0.</OEMDRO2932><OEMLED2932>0</OEMLED2932><OEMDRO2933>0.</OEMDRO2933><OEMLED2933>0</OEMLED2933><OEMDRO2934>0.</OEMDRO2934><OEMLED2934>0</OEMLED2934><OEMDRO2935>0.</OEMDRO2935><OEMLED2935>0</OEMLED2935><OEMDRO2936>0.</OEMDRO2936><OEMLED2936>0</OEMLED2936><OEMDRO2937>0.</OEMDRO2937><OEMLED2937>0</OEMLED2937><OEMDRO2938>0.</OEMDRO2938><OEMLED2938>0</OEMLED2938><OEMDRO2939>0.</OEMDRO2939><OEMLED2939>0</OEMLED2939><OEMDRO2940>0.</OEMDRO2940><OEMLED2940>0</OEMLED2940><OEMDRO2941>0.</OEMDRO2941><OEMLED2941>0</OEMLED2941><OEMDRO2942>0.</OEMDRO2942><OEMLED2942>0</OEMLED2942><OEMDRO2943>0.</OEMDRO2943><OEMLED2943>0</OEMLED2943><OEMDRO2944>0.</OEMDRO2944><OEMLED2944>0</OEMLED2944><OEMDRO2945>0.</OEMDRO2945><OEMLED2945>0</OEMLED2945><OEMDRO2946>0.</OEMDRO2946><OEMLED2946>0</OEMLED2946><OEMDRO2947>0.</OEMDRO2947><OEMLED2947>0</OEMLED2947><OEMDRO2948>0.</OEMDRO2948><OEMLED2948>0</OEMLED2948><OEMDRO2949>0.</OEMDRO2949><OEMLED2949>0</OEMLED2949><OEMDRO2950>0.</OEMDRO2950><OEMLED2950>0</OEMLED2950><OEMDRO2951>0.</OEMDRO2951><OEMLED2951>0</OEMLED2951><OEMDRO2952>0.</OEMDRO2952><OEMLED2952>0</OEMLED2952><OEMDRO2953>0.</OEMDRO2953><OEMLED2953>0</OEMLED2953><OEMDRO2954>0.</OEMDRO2954><OEMLED2954>0</OEMLED2954><OEMDRO2955>0.</OEMDRO2955><OEMLED2955>0</OEMLED2955><OEMDRO2956>0.</OEMDRO2956><OEMLED2956>0</OEMLED2956><OEMDRO2957>0.</OEMDRO2957><OEMLED2957>0</OEMLED2957><OEMDRO2958>0.</OEMDRO2958><OEMLED2958>0</OEMLED2958><OEMDRO2959>0.</OEMDRO2959><OEMLED2959>0</OEMLED2959><OEMDRO2960>0.</OEMDRO2960><OEMLED2960>0</OEMLED2960><OEMDRO2961>0.</OEMDRO2961><OEMLED2961>0</OEMLED2961><OEMDRO2962>0.</OEMDRO2962><OEMLED2962>0</OEMLED2962><OEMDRO2963>0.</OEMDRO2963><OEMLED2963>0</OEMLED2963><OEMDRO2964>0.</OEMDRO2964><OEMLED2964>0</OEMLED2964><OEMDRO2965>0.</OEMDRO2965><OEMLED2965>0</OEMLED2965><OEMDRO2966>0.</OEMDRO2966><OEMLED2966>0</OEMLED2966><OEMDRO2967>0.</OEMDRO2967><OEMLED2967>0</OEMLED2967><OEMDRO2968>0.</OEMDRO2968><OEMLED2968>0</OEMLED2968><OEMDRO2969>0.</OEMDRO2969><OEMLED2969>0</OEMLED2969><OEMDRO2970>0.</OEMDRO2970><OEMLED2970>0</OEMLED2970><OEMDRO2971>0.</OEMDRO2971><OEMLED2971>0</OEMLED2971><OEMDRO2972>0.</OEMDRO2972><OEMLED2972>0</OEMLED2972><OEMDRO2973>0.</OEMDRO2973><OEMLED2973>0</OEMLED2973><OEMDRO2974>0.</OEMDRO2974><OEMLED2974>0</OEMLED2974><OEMDRO2975>0.</OEMDRO2975><OEMLED2975>0</OEMLED2975><OEMDRO2976>0.</OEMDRO2976><OEMLED2976>0</OEMLED2976><OEMDRO2977>0.</OEMDRO2977><OEMLED2977>0</OEMLED2977><OEMDRO2978>0.</OEMDRO2978><OEMLED2978>0</OEMLED2978><OEMDRO2979>0.</OEMDRO2979><OEMLED2979>0</OEMLED2979><OEMDRO2980>0.</OEMDRO2980><OEMLED2980>0</OEMLED2980><OEMDRO2981>0.</OEMDRO2981><OEMLED2981>0</OEMLED2981><OEMDRO2982>0.</OEMDRO2982><OEMLED2982>0</OEMLED2982><OEMDRO2983>0.</OEMDRO2983><OEMLED2983>0</OEMLED2983><OEMDRO2984>0.</OEMDRO2984><OEMLED2984>0</OEMLED2984><OEMDRO2985>0.</OEMDRO2985><OEMLED2985>0</OEMLED2985><OEMDRO2986>0.</OEMDRO2986><OEMLED2986>0</OEMLED2986><OEMDRO2987>0.</OEMDRO2987><OEMLED2987>0</OEMLED2987><OEMDRO2988>0.</OEMDRO2988><OEMLED2988>0</OEMLED2988><OEMDRO2989>0.</OEMDRO2989><OEMLED2989>0</OEMLED2989><OEMDRO2990>0.</OEMDRO2990><OEMLED2990>0</OEMLED2990><OEMDRO2991>0.</OEMDRO2991><OEMLED2991>0</OEMLED2991><OEMDRO2992>0.</OEMDRO2992><OEMLED2992>0</OEMLED2992><OEMDRO2993>0.</OEMDRO2993><OEMLED2993>0</OEMLED2993><OEMDRO2994>0.</OEMDRO2994><OEMLED2994>0</OEMLED2994><OEMDRO2995>0.</OEMDRO2995><OEMLED2995>0</OEMLED2995><OEMDRO2996>0.</OEMDRO2996><OEMLED2996>0</OEMLED2996><OEMDRO2997>0.</OEMDRO2997><OEMLED2997>0</OEMLED2997><OEMDRO2998>0.</OEMDRO2998><OEMLED2998>0</OEMLED2998><OEMDRO2999>0.</OEMDRO2999><OEMLED2999>0</OEMLED2999><Vel0>3.333</Vel0><Acc0>200.</Acc0><Steps0>1600.</Steps0><Vel1>3.333</Vel1><Acc1>200.</Acc1><Steps1>1600.</Steps1><Vel2>3.333</Vel2><Acc2>200.</Acc2><Steps2>1600.</Steps2><Vel3>3.333</Vel3><Acc3>200.</Acc3><Steps3>1600.</Steps3><Slave0>3</Slave0><Slave1>3</Slave1><Slave2>3</Slave2></Preferences><Mach3Mill><WPVB>500</WPVB><WPVT>100</WPVT><WPVL>50</WPVL><WPVR>400</WPVR></Mach3Mill><Control><Device>RnRMotionControllerECO-V2.0</Device><Default>1</Default></Control><VideoPlugIn><DROcolor>0</DROcolor><TOOLcolor>8421440</TOOLcolor><CROSScolor>4194304</CROSScolor><ShowTool>1</ShowTool><ShowMousePos>1</ShowMousePos><ShowAxisPos>1</ShowAxisPos><ToolDia>0.5</ToolDia><ScaleFactor>2.e-003</ScaleFactor><FlipAxis>0</FlipAxis></VideoPlugIn><RnRMotion>
		<HomePullOff>1</HomePullOff>
		<PulseRates>100</PulseRates>
		<XPullOff>0.500</XPullOff>
		<YPullOff>0.500</YPullOff>
		<ZPullOff>0.500</ZPullOff>
		<APullOff>0.500</APullOff>
		<MultiStep>0</MultiStep>
		<MPGDisable>0</MPGDisable>
		<RapidStop>0</RapidStop>
		<SpindleRatio>1.000</SpindleRatio>
	</RnRMotion>
</profile>
